20.3010,12.7190,-0.0280,0.0000,1.0000,253.0000,85.0000
20.2790,12.8590,0.2240,0.0000,8.0000,246.0000,2.0000
20.2640,12.8720,0.4430,0.0000,15.0000,239.0000,2.0000
20.0870,12.7080,-0.0100,0.0000,2.0000,252.0000,41.0000
20.2670,12.9170,0.6810,0.0000,22.0000,232.0000,1.0000
20.2430,12.9470,0.9830,0.0000,31.0000,223.0000,3.0000
20.2060,12.9520,1.3170,0.0000,41.0000,213.0000,1.0000
20.1350,12.8860,0.0870,0.0000,5.0000,249.0000,2.0000
20.1970,12.9640,1.8030,0.0000,56.0000,198.0000,1.0000
20.1950,12.9650,1.6000,0.0000,50.0000,204.0000,2.0000
20.1230,12.9670,0.8240,0.0000,26.0000,228.0000,4.0000
20.1140,12.9700,1.1400,0.0000,35.0000,219.0000,5.0000
22.4570,13.9580,3.3320,0.0000,100.0000,154.0000,19.0000
22.3370,13.8630,3.6440,0.0000,110.0000,144.0000,4.0000
22.2680,13.8200,3.4180,0.0000,103.0000,151.0000,38.0000
22.2030,13.9030,3.8630,0.0000,116.0000,138.0000,2.0000
22.1820,13.8850,3.2390,0.0000,98.0000,156.0000,59.0000
22.1510,13.9460,3.6610,0.0000,110.0000,144.0000,2.0000
22.0700,14.0530,3.3240,0.0000,100.0000,154.0000,4.0000
22.0060,14.1360,3.8150,0.0000,115.0000,139.0000,24.0000
21.9870,14.3200,3.7020,0.0000,112.0000,142.0000,5.0000
21.7740,14.4870,3.8120,0.0000,115.0000,139.0000,11.0000
22.2990,14.2370,4.4650,0.0000,134.0000,120.0000,7.0000
22.0730,14.0120,4.4570,0.0000,134.0000,120.0000,2.0000
22.0880,14.1130,4.1890,0.0000,126.0000,128.0000,1.0000
22.0610,14.1100,4.8710,0.0000,146.0000,108.0000,4.0000
22.0400,14.2500,4.3620,0.0000,131.0000,123.0000,11.0000
21.9540,14.2660,4.0290,0.0000,121.0000,133.0000,1.0000
21.9810,14.3920,4.2180,0.0000,127.0000,127.0000,44.0000
21.8090,14.5560,4.2630,0.0000,128.0000,126.0000,37.0000
21.6360,13.0040,3.8110,0.0000,115.0000,139.0000,16.0000
21.8350,13.2170,3.7930,0.0000,114.0000,140.0000,0.0000
22.2260,13.6330,3.6840,0.0000,111.0000,143.0000,8.0000
21.1870,12.5290,3.4320,0.0000,103.0000,151.0000,10.0000
21.3810,12.7360,3.4290,0.0000,103.0000,151.0000,9.0000
21.0350,12.3680,3.3700,0.0000,102.0000,152.0000,15.0000
22.2030,13.6110,3.4520,0.0000,104.0000,150.0000,11.0000
22.0600,13.4600,3.4070,0.0000,103.0000,151.0000,74.0000
21.8700,13.2580,3.2530,0.0000,98.0000,156.0000,51.0000
21.6930,13.0710,3.1910,0.0000,97.0000,157.0000,42.0000
22.0180,13.4160,3.1750,0.0000,96.0000,158.0000,52.0000
21.5040,12.9760,3.2700,0.0000,99.0000,155.0000,20.0000
22.1620,13.6800,3.2070,0.0000,97.0000,157.0000,34.0000
21.8780,13.4840,3.3230,0.0000,100.0000,154.0000,17.0000
21.9840,13.6100,3.5630,0.0000,107.0000,147.0000,40.0000
21.6200,13.2550,3.2680,0.0000,99.0000,155.0000,86.0000
21.8790,13.5550,3.7830,0.0000,114.0000,140.0000,7.0000
21.7510,13.4740,3.1560,0.0000,95.0000,159.0000,20.0000
20.9930,12.7330,3.5110,0.0000,106.0000,148.0000,0.0000
20.7940,12.8170,3.4920,0.0000,106.0000,148.0000,8.0000
21.9910,13.6530,3.3280,0.0000,100.0000,154.0000,20.0000
22.0030,13.6680,3.0820,0.0000,93.0000,161.0000,6.0000
22.0480,13.7360,3.8330,0.0000,115.0000,139.0000,28.0000
22.0830,13.8280,3.4940,0.0000,106.0000,148.0000,23.0000
21.7740,13.5400,3.5260,0.0000,106.0000,148.0000,12.0000
21.9820,13.8780,3.2420,0.0000,98.0000,156.0000,79.0000
21.7970,13.6790,3.2130,0.0000,97.0000,157.0000,19.0000
21.8490,13.7560,3.7460,0.0000,113.0000,141.0000,11.0000
21.5700,13.4740,3.5820,0.0000,108.0000,146.0000,2.0000
21.7420,13.7420,3.5390,0.0000,106.0000,148.0000,61.0000
21.8360,13.8470,3.1040,0.0000,94.0000,160.0000,11.0000
21.9220,13.9680,3.6270,0.0000,109.0000,145.0000,22.0000
21.8620,13.9790,3.8400,0.0000,115.0000,139.0000,52.0000
21.2920,13.3870,3.6650,0.0000,110.0000,144.0000,10.0000
21.5600,13.6960,3.6590,0.0000,110.0000,144.0000,109.0000
21.6560,13.9470,3.1020,0.0000,94.0000,160.0000,14.0000
21.0550,13.2970,3.6800,0.0000,111.0000,143.0000,20.0000
21.7370,14.0860,3.2750,0.0000,99.0000,155.0000,105.0000
21.5120,13.8390,3.2440,0.0000,98.0000,156.0000,1.0000
21.7920,14.1690,3.7950,0.0000,115.0000,139.0000,27.0000
20.7960,13.1270,3.5210,0.0000,106.0000,148.0000,117.0000
20.5760,12.9100,3.5040,0.0000,106.0000,148.0000,30.0000
21.5480,14.0000,3.3770,0.0000,102.0000,152.0000,42.0000
20.5520,12.9300,3.8370,0.0000,115.0000,139.0000,11.0000
21.8270,14.3700,3.5570,0.0000,107.0000,147.0000,10.0000
21.5280,14.0560,3.7950,0.0000,115.0000,139.0000,26.0000
21.5410,14.1350,3.2000,0.0000,97.0000,157.0000,7.0000
21.3420,13.9300,3.6760,0.0000,111.0000,143.0000,17.0000
21.6270,14.2460,3.6630,0.0000,110.0000,144.0000,1.0000
21.3950,13.9930,3.1700,0.0000,96.0000,158.0000,10.0000
20.4470,12.9690,3.6560,0.0000,110.0000,144.0000,8.0000
21.3550,13.9790,3.4330,0.0000,103.0000,151.0000,0.0000
20.8370,13.4280,3.8440,0.0000,116.0000,138.0000,6.0000
21.5710,14.2430,3.8550,0.0000,116.0000,138.0000,21.0000
20.6130,13.2000,3.4400,0.0000,104.0000,150.0000,15.0000
20.3800,12.9720,3.4580,0.0000,104.0000,150.0000,12.0000
21.5160,14.3200,3.1070,0.0000,94.0000,160.0000,4.0000
20.3370,13.0460,3.2510,0.0000,98.0000,156.0000,10.0000
21.3140,14.1380,3.2990,0.0000,100.0000,154.0000,7.0000
21.1750,13.9820,3.2200,0.0000,97.0000,157.0000,9.0000
21.2710,14.1210,3.6330,0.0000,109.0000,145.0000,0.0000
21.4260,14.2960,3.6260,0.0000,109.0000,145.0000,0.0000
21.3650,14.2330,2.9690,0.0000,90.0000,164.0000,1.0000
20.9550,13.7950,3.8470,0.0000,116.0000,138.0000,11.0000
20.4720,13.3530,3.2390,0.0000,98.0000,156.0000,10.0000
20.7020,13.6440,3.3450,0.0000,101.0000,153.0000,3.0000
21.5510,14.6240,3.6340,0.0000,109.0000,145.0000,10.0000
20.5690,13.5230,3.1610,0.0000,95.0000,159.0000,7.0000
20.2220,13.1780,3.7330,0.0000,112.0000,142.0000,0.0000
21.2430,14.3820,2.8890,0.0000,88.0000,166.0000,8.0000
20.1810,13.2160,2.9710,0.0000,90.0000,164.0000,5.0000
21.0060,14.1690,3.8500,0.0000,116.0000,138.0000,17.0000
21.2210,14.4300,3.7040,0.0000,112.0000,142.0000,9.0000
21.3310,14.5600,3.1090,0.0000,94.0000,160.0000,14.0000
20.6810,13.8520,3.7840,0.0000,114.0000,140.0000,12.0000
21.3170,14.5810,2.7560,0.0000,83.0000,171.0000,6.0000
20.1440,13.2750,3.3620,0.0000,101.0000,153.0000,11.0000
21.2560,14.5360,3.4080,0.0000,103.0000,151.0000,40.0000
21.1110,14.3740,3.0450,0.0000,92.0000,162.0000,8.0000
20.4990,13.6940,3.3640,0.0000,101.0000,153.0000,13.0000
20.4650,13.6590,3.0510,0.0000,92.0000,162.0000,7.0000
21.2900,14.6540,3.6080,0.0000,109.0000,145.0000,65.0000
20.9970,14.3210,3.5320,0.0000,106.0000,148.0000,3.0000
20.7040,13.9890,3.3880,0.0000,102.0000,152.0000,57.0000
20.2530,13.4790,3.0990,0.0000,94.0000,160.0000,10.0000
21.3940,14.7920,3.4610,0.0000,104.0000,150.0000,12.0000
20.7350,14.1010,3.8310,0.0000,115.0000,139.0000,56.0000
21.1790,14.6060,3.8520,0.0000,116.0000,138.0000,21.0000
20.9630,14.3610,3.7990,0.0000,115.0000,139.0000,66.0000
21.3130,14.7670,2.9390,0.0000,89.0000,165.0000,10.0000
20.3170,13.6470,3.2710,0.0000,99.0000,155.0000,9.0000
21.3270,14.8040,2.6990,0.0000,82.0000,172.0000,6.0000
20.1060,13.4370,3.4980,0.0000,106.0000,148.0000,17.0000
21.0450,14.5380,3.4430,0.0000,104.0000,150.0000,19.0000
21.2010,14.7360,3.1290,0.0000,94.0000,160.0000,14.0000
21.1370,14.6640,2.9480,0.0000,89.0000,165.0000,22.0000
20.4330,13.8910,3.0680,0.0000,93.0000,161.0000,120.0000
20.0420,13.4710,3.1810,0.0000,96.0000,158.0000,17.0000
20.2730,13.7370,3.0420,0.0000,92.0000,162.0000,7.0000
21.0030,14.5730,3.0860,0.0000,93.0000,161.0000,16.0000
20.9930,14.6090,3.7510,0.0000,113.0000,141.0000,16.0000
21.1490,14.7880,3.7120,0.0000,112.0000,142.0000,1.0000
21.2020,14.8800,3.5340,0.0000,106.0000,148.0000,1.0000
20.1330,13.6550,3.1790,0.0000,96.0000,158.0000,32.0000
20.8950,14.5840,2.8900,0.0000,88.0000,166.0000,100.0000
20.2240,13.8380,3.2300,0.0000,97.0000,157.0000,30.0000
20.6560,14.3360,3.1540,0.0000,95.0000,159.0000,66.0000
21.0800,14.8260,2.8440,0.0000,86.0000,168.0000,6.0000
20.0160,13.6120,3.5350,0.0000,106.0000,148.0000,1.0000
21.0050,14.7540,3.2060,0.0000,97.0000,157.0000,11.0000
20.7890,14.5060,3.1210,0.0000,94.0000,160.0000,71.0000
20.9860,14.7650,3.5420,0.0000,107.0000,147.0000,16.0000
20.4820,14.1860,3.2610,0.0000,98.0000,156.0000,81.0000
20.6770,14.4430,2.9230,0.0000,88.0000,166.0000,34.0000
20.7200,14.5400,3.4400,0.0000,104.0000,150.0000,11.0000
20.9360,14.8160,3.8060,0.0000,115.0000,139.0000,3.0000
20.8880,14.7850,2.9980,0.0000,91.0000,163.0000,27.0000
20.7930,14.7060,3.6250,0.0000,109.0000,145.0000,6.0000
19.9780,13.7850,3.8110,0.0000,115.0000,139.0000,10.0000
20.7050,14.6540,2.9400,0.0000,89.0000,165.0000,21.0000
20.4240,14.4070,3.1690,0.0000,96.0000,158.0000,7.0000
20.3040,14.2990,3.4060,0.0000,103.0000,151.0000,15.0000
20.5610,14.6000,3.1780,0.0000,96.0000,158.0000,22.0000
20.5540,14.5970,2.7050,0.0000,82.0000,172.0000,5.0000
20.5080,14.5880,2.9660,0.0000,90.0000,164.0000,7.0000
19.8880,13.8920,3.6340,0.0000,109.0000,145.0000,4.0000
20.5760,14.6950,3.6740,0.0000,111.0000,143.0000,21.0000
20.6430,14.7770,3.2390,0.0000,98.0000,156.0000,4.0000
20.3770,14.5000,2.7650,0.0000,84.0000,170.0000,11.0000
20.2890,14.4690,3.5890,0.0000,108.0000,146.0000,12.0000
20.3030,14.4900,2.9810,0.0000,90.0000,164.0000,0.0000
20.4980,14.7690,3.4330,0.0000,103.0000,151.0000,32.0000
20.5090,14.7890,2.6430,0.0000,80.0000,174.0000,2.0000
20.3870,14.6680,3.5790,0.0000,108.0000,146.0000,8.0000
20.4250,14.7190,2.8110,0.0000,85.0000,169.0000,1.0000
19.7800,14.0030,3.8390,0.0000,115.0000,139.0000,83.0000
20.1320,14.4210,3.4180,0.0000,103.0000,151.0000,6.0000
20.2480,14.5840,3.8590,0.0000,116.0000,138.0000,52.0000
19.9080,14.1890,3.0350,0.0000,91.0000,163.0000,24.0000
20.4630,14.8550,3.6260,0.0000,109.0000,145.0000,2.0000
20.2880,14.6580,2.5990,0.0000,79.0000,175.0000,100.0000
20.2270,14.6480,2.8420,0.0000,86.0000,168.0000,7.0000
20.4600,14.9230,2.8370,0.0000,86.0000,168.0000,5.0000
20.1140,14.5160,2.6280,0.0000,80.0000,174.0000,16.0000
20.3570,14.8780,3.3310,0.0000,100.0000,154.0000,1.0000
20.1500,14.6350,3.0550,0.0000,92.0000,162.0000,48.0000
19.9970,14.4540,2.9930,0.0000,91.0000,163.0000,96.0000
20.3180,14.8460,3.8450,0.0000,116.0000,138.0000,8.0000
20.3030,14.8370,2.7030,0.0000,82.0000,172.0000,19.0000
20.2100,14.8030,3.4750,0.0000,105.0000,149.0000,2.0000
20.2480,14.8900,2.9000,0.0000,88.0000,166.0000,6.0000
19.9970,14.6120,3.7340,0.0000,112.0000,142.0000,51.0000
20.0280,14.6560,2.8840,0.0000,87.0000,167.0000,0.0000
20.1050,14.8020,2.6680,0.0000,81.0000,173.0000,12.0000
20.0880,14.8010,3.7300,0.0000,112.0000,142.0000,49.0000
19.5720,14.2040,3.6980,0.0000,112.0000,142.0000,18.0000
19.9880,14.7660,3.4850,0.0000,105.0000,149.0000,17.0000
19.8180,14.5670,2.9690,0.0000,90.0000,164.0000,10.0000
19.5300,14.2390,3.3580,0.0000,101.0000,153.0000,10.0000
19.6390,14.4540,2.8600,0.0000,87.0000,167.0000,26.0000
19.5890,14.4720,3.1780,0.0000,96.0000,158.0000,27.0000
20.5830,11.9870,3.7610,0.0000,113.0000,141.0000,6.0000
20.2490,11.9280,3.7200,0.0000,112.0000,142.0000,11.0000
20.4050,12.1210,3.8030,0.0000,115.0000,139.0000,8.0000
20.0310,11.7310,3.7380,0.0000,112.0000,142.0000,19.0000
20.1710,12.0890,3.8110,0.0000,115.0000,139.0000,10.0000
19.8900,11.8570,3.6680,0.0000,111.0000,143.0000,2.0000
19.9420,12.0600,3.8120,0.0000,115.0000,139.0000,4.0000
19.7260,12.0230,3.2190,0.0000,97.0000,157.0000,3.0000
19.5990,11.9620,2.7640,0.0000,84.0000,170.0000,12.0000
19.2810,11.7540,2.8040,0.0000,85.0000,169.0000,8.0000
19.4750,10.8040,3.6660,0.0000,110.0000,144.0000,14.0000
19.7770,11.3480,3.2460,0.0000,98.0000,156.0000,0.0000
19.9550,11.5630,3.2150,0.0000,97.0000,157.0000,9.0000
19.3040,10.9080,3.8000,0.0000,115.0000,139.0000,19.0000
19.8010,11.5400,3.3660,0.0000,102.0000,152.0000,46.0000
19.7540,11.4920,3.1010,0.0000,94.0000,160.0000,0.0000
19.4020,11.1840,3.1310,0.0000,94.0000,160.0000,169.0000
19.6060,11.4520,3.2540,0.0000,98.0000,156.0000,9.0000
19.2320,11.1110,3.7930,0.0000,114.0000,140.0000,6.0000
19.5970,11.5100,3.6960,0.0000,112.0000,142.0000,26.0000
19.5150,11.4230,3.4620,0.0000,104.0000,150.0000,35.0000
19.4100,11.3090,3.3240,0.0000,100.0000,154.0000,92.0000
19.2180,11.1020,3.1010,0.0000,94.0000,160.0000,10.0000
19.6830,11.6110,2.8860,0.0000,88.0000,166.0000,12.0000
19.7500,11.7060,3.5090,0.0000,106.0000,148.0000,18.0000
19.8290,11.7940,3.2350,0.0000,97.0000,157.0000,80.0000
19.2490,11.1740,3.5730,0.0000,108.0000,146.0000,2.0000
19.3910,11.3340,2.9700,0.0000,90.0000,164.0000,29.0000
19.1360,11.0830,3.3590,0.0000,101.0000,153.0000,21.0000
19.1080,11.0830,2.9260,0.0000,88.0000,166.0000,13.0000
19.6390,11.6760,3.2110,0.0000,97.0000,157.0000,135.0000
19.6660,11.7310,3.7570,0.0000,113.0000,141.0000,89.0000
19.4120,11.4540,3.6360,0.0000,109.0000,145.0000,64.0000
19.2290,11.2560,3.2350,0.0000,97.0000,157.0000,42.0000
19.4000,11.4720,3.1300,0.0000,94.0000,160.0000,47.0000
19.1810,11.2800,2.9160,0.0000,88.0000,166.0000,12.0000
19.2370,11.3630,3.4200,0.0000,103.0000,151.0000,108.0000
19.0250,11.1970,3.8190,0.0000,115.0000,139.0000,33.0000
19.0720,11.2500,3.6300,0.0000,109.0000,145.0000,20.0000
19.4270,11.6460,3.2540,0.0000,98.0000,156.0000,25.0000
19.0530,11.2490,3.1080,0.0000,94.0000,160.0000,90.0000
19.0270,11.2500,3.3960,0.0000,103.0000,151.0000,52.0000
19.5470,11.8490,3.5830,0.0000,108.0000,146.0000,20.0000
19.5680,11.8750,3.2240,0.0000,97.0000,157.0000,1.0000
19.1880,11.4570,3.0200,0.0000,91.0000,163.0000,112.0000
19.3680,11.6560,3.0150,0.0000,91.0000,163.0000,12.0000
19.3860,11.6880,3.5820,0.0000,108.0000,146.0000,9.0000
19.2200,11.5370,3.5230,0.0000,106.0000,148.0000,26.0000
19.2170,11.5590,3.1990,0.0000,97.0000,157.0000,34.0000
19.0490,11.4210,3.2190,0.0000,97.0000,157.0000,39.0000
19.0420,11.4350,3.7340,0.0000,112.0000,142.0000,2.0000
18.9800,11.4410,3.4440,0.0000,104.0000,150.0000,104.0000
19.4080,11.9380,2.8970,0.0000,88.0000,166.0000,1.0000
18.9910,11.5030,3.0370,0.0000,92.0000,162.0000,12.0000
19.1130,11.6660,2.9280,0.0000,88.0000,166.0000,14.0000
19.2170,11.7960,3.1580,0.0000,95.0000,159.0000,140.0000
19.0520,11.6670,3.4690,0.0000,105.0000,149.0000,99.0000
18.8610,11.4660,3.8300,0.0000,115.0000,139.0000,22.0000
18.9270,11.6010,3.2690,0.0000,99.0000,155.0000,32.0000
18.7980,11.5440,3.5270,0.0000,106.0000,148.0000,23.0000
18.8010,11.5520,2.9470,0.0000,89.0000,165.0000,41.0000
19.4250,11.9870,3.1130,0.0000,94.0000,160.0000,3.0000
19.7480,12.4240,3.0460,0.0000,92.0000,162.0000,8.0000
19.3070,11.9530,3.3910,0.0000,103.0000,151.0000,7.0000
19.5310,12.2210,3.2000,0.0000,97.0000,157.0000,22.0000
20.2290,13.0130,2.2140,0.0000,68.0000,186.0000,1.0000
20.1960,12.9780,2.0110,0.0000,62.0000,192.0000,8.0000
19.8370,12.6000,2.8880,0.0000,88.0000,166.0000,13.0000
20.2190,13.0310,2.6220,0.0000,80.0000,174.0000,2.0000
20.2070,13.0200,2.4170,0.0000,74.0000,180.0000,4.0000
19.1640,11.8650,3.5300,0.0000,106.0000,148.0000,53.0000
20.2000,13.0340,2.8360,0.0000,86.0000,168.0000,14.0000
19.0340,11.7410,2.7550,0.0000,83.0000,171.0000,8.0000
18.9570,11.6780,3.8060,0.0000,115.0000,139.0000,125.0000
19.0310,11.7670,3.0820,0.0000,93.0000,161.0000,9.0000
19.1970,11.9570,2.7990,0.0000,85.0000,169.0000,35.0000
19.9880,12.8460,2.8420,0.0000,86.0000,168.0000,20.0000
19.0950,11.8630,3.3110,0.0000,100.0000,154.0000,141.0000
20.1530,13.0730,3.1310,0.0000,94.0000,160.0000,21.0000
19.1990,12.0550,3.1500,0.0000,95.0000,159.0000,77.0000
20.1480,13.1400,3.5430,0.0000,107.0000,147.0000,9.0000
19.9190,12.9130,3.8480,0.0000,116.0000,138.0000,10.0000
18.7660,11.6150,3.1470,0.0000,95.0000,159.0000,7.0000
19.0950,11.9880,2.9720,0.0000,90.0000,164.0000,8.0000
18.8410,11.7220,3.6440,0.0000,110.0000,144.0000,9.0000
18.9290,11.8740,2.9340,0.0000,88.0000,166.0000,13.0000
19.1910,12.1710,2.9010,0.0000,88.0000,166.0000,3.0000
18.8520,11.8110,3.2520,0.0000,98.0000,156.0000,19.0000
20.0290,13.1490,2.8290,0.0000,85.0000,169.0000,13.0000
19.9610,13.0830,3.5960,0.0000,109.0000,145.0000,7.0000
18.9190,11.9310,3.6710,0.0000,111.0000,143.0000,53.0000
19.9310,13.1250,3.7950,0.0000,115.0000,139.0000,11.0000
18.9200,12.0090,3.2660,0.0000,99.0000,155.0000,12.0000
18.7550,11.8240,3.0280,0.0000,91.0000,163.0000,5.0000
19.1750,12.3240,3.6280,0.0000,109.0000,145.0000,55.0000
18.9960,12.1270,2.8620,0.0000,87.0000,167.0000,10.0000
18.8360,11.9460,2.7400,0.0000,83.0000,171.0000,6.0000
19.8710,13.1380,3.2920,0.0000,100.0000,154.0000,12.0000
19.0810,12.2380,3.1040,0.0000,94.0000,160.0000,14.0000
18.6640,11.7900,3.5470,0.0000,107.0000,147.0000,26.0000
18.8200,12.0460,2.9540,0.0000,89.0000,165.0000,61.0000
18.8120,12.0400,2.5480,0.0000,77.0000,177.0000,2.0000
19.1240,12.4210,3.0220,0.0000,91.0000,163.0000,15.0000
19.9140,13.3280,2.9020,0.0000,88.0000,166.0000,1.0000
19.6730,13.0610,3.8220,0.0000,115.0000,139.0000,10.0000
18.9270,12.2070,3.6880,0.0000,111.0000,143.0000,108.0000
18.8030,12.0970,3.5670,0.0000,108.0000,146.0000,17.0000
18.6690,11.9490,2.8600,0.0000,87.0000,167.0000,6.0000
18.9040,12.2410,3.4580,0.0000,104.0000,150.0000,13.0000
18.9050,12.2460,3.0010,0.0000,91.0000,163.0000,28.0000
18.6900,12.0110,3.3850,0.0000,102.0000,152.0000,24.0000
19.1450,12.5710,2.8790,0.0000,87.0000,167.0000,64.0000
18.7870,12.1600,2.7290,0.0000,83.0000,171.0000,0.0000
19.7230,13.2570,3.7710,0.0000,114.0000,140.0000,11.0000
19.6010,13.1170,3.6420,0.0000,110.0000,144.0000,2.0000
18.6240,11.9970,3.0580,0.0000,92.0000,162.0000,58.0000
18.9500,12.3740,2.8500,0.0000,86.0000,168.0000,118.0000
18.9980,12.4380,3.6850,0.0000,111.0000,143.0000,22.0000
18.7530,12.1590,3.1420,0.0000,95.0000,159.0000,11.0000
18.8670,12.3450,3.8380,0.0000,115.0000,139.0000,79.0000
18.5800,12.0310,3.6900,0.0000,111.0000,143.0000,50.0000
19.5920,13.2030,3.2750,0.0000,99.0000,155.0000,0.0000
19.8060,13.4870,2.9820,0.0000,90.0000,164.0000,19.0000
18.6120,12.1100,2.6210,0.0000,80.0000,174.0000,14.0000
18.6900,12.2160,3.8240,0.0000,115.0000,139.0000,65.0000
19.0390,12.6380,3.6670,0.0000,111.0000,143.0000,9.0000
18.7530,12.3070,3.5770,0.0000,108.0000,146.0000,171.0000
18.6610,12.2440,2.4630,0.0000,75.0000,179.0000,6.0000
19.0680,12.7340,3.2340,0.0000,97.0000,157.0000,50.0000
18.8140,12.4410,3.0360,0.0000,91.0000,163.0000,89.0000
18.6430,12.2430,2.9920,0.0000,91.0000,163.0000,132.0000
18.4760,12.0620,3.3650,0.0000,102.0000,152.0000,140.0000
18.7340,12.3670,2.8130,0.0000,85.0000,169.0000,17.0000
18.8860,12.5770,2.7580,0.0000,83.0000,171.0000,16.0000
18.8040,12.5010,3.5330,0.0000,106.0000,148.0000,23.0000
18.7690,12.4670,2.6140,0.0000,80.0000,174.0000,23.0000
18.5410,12.2500,2.7730,0.0000,84.0000,170.0000,14.0000
18.4870,12.2030,3.8020,0.0000,115.0000,139.0000,147.0000
19.3640,13.2300,3.3150,0.0000,100.0000,154.0000,10.0000
18.8520,12.6510,3.3830,0.0000,102.0000,152.0000,59.0000
18.8420,12.6420,3.0360,0.0000,91.0000,163.0000,65.0000
18.6520,12.4510,3.3840,0.0000,102.0000,152.0000,158.0000
18.4920,12.2640,3.2580,0.0000,98.0000,156.0000,34.0000
19.7010,13.6790,3.0570,0.0000,92.0000,162.0000,4.0000
18.9070,12.7710,3.8300,0.0000,115.0000,139.0000,22.0000
18.7010,12.5300,3.7460,0.0000,113.0000,141.0000,35.0000
19.1920,13.1090,3.3230,0.0000,100.0000,154.0000,80.0000
18.5830,12.4020,2.5780,0.0000,78.0000,176.0000,13.0000
18.4700,12.3110,3.4810,0.0000,105.0000,149.0000,91.0000
18.6900,12.5720,3.1550,0.0000,95.0000,159.0000,104.0000
18.4430,12.3110,2.9700,0.0000,90.0000,164.0000,114.0000
18.6510,12.5550,2.8690,0.0000,87.0000,167.0000,58.0000
18.6790,12.6680,2.6230,0.0000,80.0000,174.0000,27.0000
18.4880,12.4580,2.7560,0.0000,83.0000,171.0000,5.0000
18.3160,12.3110,3.3440,0.0000,101.0000,153.0000,206.0000
18.4750,12.4990,3.2900,0.0000,100.0000,154.0000,33.0000
18.8940,12.9950,2.9740,0.0000,90.0000,164.0000,22.0000
18.5910,12.6500,3.4090,0.0000,103.0000,151.0000,152.0000
19.1610,13.3240,3.1860,0.0000,96.0000,158.0000,6.0000
19.6250,13.9040,3.1870,0.0000,96.0000,158.0000,8.0000
18.6230,12.7660,2.9620,0.0000,90.0000,164.0000,69.0000
18.2840,12.3990,3.1230,0.0000,94.0000,160.0000,105.0000
18.4710,12.6200,3.1040,0.0000,94.0000,160.0000,126.0000
18.5210,12.6820,2.7470,0.0000,83.0000,171.0000,14.0000
18.4530,12.6360,3.7420,0.0000,112.0000,142.0000,78.0000
19.0350,13.3250,3.7800,0.0000,114.0000,140.0000,34.0000
18.6230,12.8750,3.3010,0.0000,100.0000,154.0000,30.0000
19.2910,13.6700,3.1480,0.0000,95.0000,159.0000,16.0000
18.2890,12.5000,3.7750,0.0000,114.0000,140.0000,173.0000
18.7820,13.0850,3.7380,0.0000,112.0000,142.0000,43.0000
19.3200,13.7250,3.7540,0.0000,113.0000,141.0000,37.0000
19.2240,13.6120,3.5090,0.0000,106.0000,148.0000,7.0000
18.7290,13.0270,3.2220,0.0000,97.0000,157.0000,83.0000
18.2340,12.4430,2.8300,0.0000,85.0000,169.0000,61.0000
18.2250,12.4440,3.5830,0.0000,108.0000,146.0000,64.0000
18.8070,13.2010,3.0160,0.0000,91.0000,163.0000,17.0000
18.5890,12.9430,2.7710,0.0000,84.0000,170.0000,24.0000
18.4260,12.7510,2.5830,0.0000,79.0000,175.0000,10.0000
19.0950,13.5620,2.9560,0.0000,89.0000,165.0000,13.0000
19.3970,13.9520,3.3150,0.0000,100.0000,154.0000,3.0000
18.4610,12.8380,3.0660,0.0000,93.0000,161.0000,24.0000
18.2500,12.5880,2.9700,0.0000,90.0000,164.0000,199.0000
18.3190,12.6910,3.5610,0.0000,107.0000,147.0000,70.0000
18.1990,12.5490,3.3560,0.0000,101.0000,153.0000,81.0000
18.5880,13.0160,3.0720,0.0000,93.0000,161.0000,136.0000
19.3920,13.9880,3.8350,0.0000,115.0000,139.0000,5.0000
19.0370,13.5660,3.4150,0.0000,103.0000,151.0000,32.0000
19.4320,14.0410,3.1230,0.0000,94.0000,160.0000,12.0000
18.4330,12.8500,2.8610,0.0000,87.0000,167.0000,13.0000
18.4570,12.9040,3.8160,0.0000,115.0000,139.0000,113.0000
19.0420,13.6050,3.6200,0.0000,109.0000,145.0000,14.0000
18.6520,13.1410,3.4050,0.0000,103.0000,151.0000,34.0000
18.8800,13.4140,3.3550,0.0000,101.0000,153.0000,31.0000
18.2990,12.7200,3.1640,0.0000,96.0000,158.0000,103.0000
18.8930,13.4600,2.9320,0.0000,88.0000,166.0000,150.0000
18.6230,13.1370,2.9000,0.0000,88.0000,166.0000,63.0000
18.4850,12.9860,3.4120,0.0000,103.0000,151.0000,165.0000
18.1500,12.6150,3.6800,0.0000,111.0000,143.0000,73.0000
19.0980,13.7550,3.2260,0.0000,97.0000,157.0000,18.0000
18.9200,13.5420,3.1300,0.0000,94.0000,160.0000,23.0000
18.8560,13.4890,3.7450,0.0000,113.0000,141.0000,29.0000
18.6800,13.2810,3.2310,0.0000,97.0000,157.0000,59.0000
19.1690,13.8700,2.9950,0.0000,91.0000,163.0000,27.0000
18.4020,12.9540,2.6370,0.0000,80.0000,174.0000,8.0000
18.2800,12.8150,3.7840,0.0000,114.0000,140.0000,8.0000
18.5370,13.1550,3.8450,0.0000,116.0000,138.0000,152.0000
18.3170,12.8960,3.2830,0.0000,99.0000,155.0000,131.0000
18.9810,13.6980,2.8450,0.0000,86.0000,168.0000,49.0000
19.2470,14.0200,2.5200,0.0000,77.0000,177.0000,8.0000
18.9880,13.7300,3.0600,0.0000,92.0000,162.0000,43.0000
18.4230,13.0530,2.9090,0.0000,88.0000,166.0000,35.0000
18.4950,13.1420,2.6990,0.0000,82.0000,172.0000,40.0000
18.0930,12.6680,3.4840,0.0000,105.0000,149.0000,49.0000
18.6540,13.3430,3.5150,0.0000,106.0000,148.0000,67.0000
18.6380,13.3300,2.7320,0.0000,83.0000,171.0000,9.0000
19.0230,13.8190,3.7490,0.0000,113.0000,141.0000,37.0000
18.9730,13.7610,3.4080,0.0000,103.0000,151.0000,14.0000
18.0950,12.7050,3.2750,0.0000,99.0000,155.0000,7.0000
18.5030,13.1970,3.1730,0.0000,96.0000,158.0000,137.0000
18.3760,13.0450,3.1150,0.0000,94.0000,160.0000,27.0000
18.1950,12.8270,3.0220,0.0000,91.0000,163.0000,7.0000
19.2800,14.1620,3.1710,0.0000,96.0000,158.0000,6.0000
19.1330,13.9980,3.7950,0.0000,115.0000,139.0000,23.0000
18.1480,12.8100,3.6230,0.0000,109.0000,145.0000,20.0000
18.5910,13.3500,2.9650,0.0000,90.0000,164.0000,15.0000
18.2490,12.9380,2.8630,0.0000,87.0000,167.0000,13.0000
19.0120,13.8630,2.3330,0.0000,71.0000,183.0000,2.0000
18.6590,13.4590,3.6870,0.0000,111.0000,143.0000,44.0000
19.1650,14.1030,3.3550,0.0000,101.0000,153.0000,53.0000
18.6990,13.5420,3.0030,0.0000,91.0000,163.0000,58.0000
19.3300,14.3040,3.0250,0.0000,91.0000,163.0000,6.0000
19.1330,14.0670,2.9790,0.0000,90.0000,164.0000,46.0000
18.8330,13.7060,2.6930,0.0000,82.0000,172.0000,10.0000
18.6640,13.5120,3.3930,0.0000,103.0000,151.0000,33.0000
18.6610,13.5160,2.6430,0.0000,80.0000,174.0000,196.0000
18.2660,13.0630,3.8420,0.0000,115.0000,139.0000,72.0000
18.7700,13.6740,3.7910,0.0000,114.0000,140.0000,70.0000
19.2440,14.2490,3.4930,0.0000,106.0000,148.0000,20.0000
18.4980,13.3480,3.3510,0.0000,101.0000,153.0000,83.0000
18.2950,13.1070,2.7110,0.0000,83.0000,171.0000,129.0000
19.0320,14.0010,2.5800,0.0000,78.0000,176.0000,10.0000
18.0860,12.8720,3.8240,0.0000,115.0000,139.0000,38.0000
18.0940,12.8850,3.4000,0.0000,103.0000,151.0000,8.0000
18.1110,12.9230,3.1830,0.0000,96.0000,158.0000,80.0000
18.3630,13.2310,3.0030,0.0000,91.0000,163.0000,7.0000
18.2830,13.1640,3.4260,0.0000,103.0000,151.0000,186.0000
18.7100,13.6840,3.2930,0.0000,100.0000,154.0000,20.0000
18.5560,13.4980,3.1990,0.0000,97.0000,157.0000,48.0000
18.8330,13.8340,3.1510,0.0000,95.0000,159.0000,25.0000
18.9350,13.9600,3.0050,0.0000,91.0000,163.0000,56.0000
18.4330,13.3520,2.8420,0.0000,86.0000,168.0000,140.0000
18.4670,13.3940,2.6450,0.0000,80.0000,174.0000,1.0000
18.8470,13.9280,3.7190,0.0000,112.0000,142.0000,65.0000
18.8400,13.9210,3.4810,0.0000,105.0000,149.0000,71.0000
18.2520,13.2070,3.2200,0.0000,97.0000,157.0000,33.0000
19.0290,14.1530,3.1570,0.0000,95.0000,159.0000,75.0000
19.0200,14.1460,2.7660,0.0000,84.0000,170.0000,86.0000
18.9530,14.0700,2.1710,0.0000,66.0000,188.0000,11.0000
18.6490,13.7150,3.5820,0.0000,108.0000,146.0000,25.0000
18.4980,13.5370,2.9200,0.0000,88.0000,166.0000,54.0000
18.5120,13.5630,3.5970,0.0000,109.0000,145.0000,91.0000
18.6450,13.7300,3.0730,0.0000,93.0000,161.0000,102.0000
18.2390,13.2620,3.8410,0.0000,115.0000,139.0000,28.0000
17.9480,12.9100,3.5360,0.0000,106.0000,148.0000,179.0000
18.1900,13.2100,2.8490,0.0000,86.0000,168.0000,35.0000
18.5780,13.6860,2.7710,0.0000,84.0000,170.0000,11.0000
18.8310,13.9940,2.7340,0.0000,83.0000,171.0000,69.0000
18.0570,13.0670,3.7850,0.0000,114.0000,140.0000,16.0000
18.7230,13.8880,2.8900,0.0000,88.0000,166.0000,66.0000
18.0610,13.0960,3.0870,0.0000,94.0000,160.0000,36.0000
18.3560,13.4580,3.0730,0.0000,93.0000,161.0000,18.0000
18.4270,13.5480,2.4960,0.0000,76.0000,178.0000,21.0000
18.3620,13.4940,3.7550,0.0000,113.0000,141.0000,115.0000
18.0210,13.0800,3.3960,0.0000,103.0000,151.0000,76.0000
18.5690,13.7580,2.5040,0.0000,76.0000,178.0000,232.0000
17.9080,12.9700,3.2540,0.0000,98.0000,156.0000,57.0000
18.1140,13.2350,3.5940,0.0000,109.0000,145.0000,104.0000
18.4270,13.6600,3.0910,0.0000,94.0000,160.0000,69.0000
18.2400,13.4330,2.8960,0.0000,88.0000,166.0000,44.0000
17.8660,12.9910,3.7170,0.0000,112.0000,142.0000,14.0000
18.1640,13.3610,3.1010,0.0000,94.0000,160.0000,142.0000
18.3850,13.6360,2.7510,0.0000,83.0000,171.0000,60.0000
18.0360,13.2540,3.2280,0.0000,97.0000,157.0000,119.0000
18.0260,13.2830,3.8080,0.0000,115.0000,139.0000,31.0000
17.9090,13.1730,3.6210,0.0000,109.0000,145.0000,43.0000
18.0740,13.3770,3.4370,0.0000,103.0000,151.0000,81.0000
17.9590,13.2690,3.0310,0.0000,91.0000,163.0000,28.0000
18.2740,13.6590,2.9360,0.0000,89.0000,165.0000,11.0000
17.8190,13.1090,3.4380,0.0000,103.0000,151.0000,17.0000
18.1780,13.5590,2.7400,0.0000,83.0000,171.0000,100.0000
18.1020,13.4900,3.7080,0.0000,112.0000,142.0000,150.0000
18.1770,13.5870,3.1850,0.0000,96.0000,158.0000,148.0000
18.0530,13.4810,2.9810,0.0000,90.0000,164.0000,88.0000
17.8870,13.3340,3.3620,0.0000,101.0000,153.0000,11.0000
17.9880,13.4770,3.2110,0.0000,97.0000,157.0000,81.0000
17.8580,13.3450,3.7110,0.0000,112.0000,142.0000,23.0000
21.0370,12.3530,5.8080,0.0000,174.0000,80.0000,25.0000
20.8590,12.1630,5.7620,0.0000,173.0000,81.0000,125.0000
21.6620,13.0190,5.6960,0.0000,171.0000,83.0000,32.0000
20.8450,12.1530,5.0470,0.0000,151.0000,103.0000,50.0000
21.7340,13.1070,3.9770,0.0000,120.0000,134.0000,12.0000
21.8450,13.3300,4.5350,0.0000,136.0000,118.0000,4.0000
20.9670,12.5460,4.1620,0.0000,125.0000,129.0000,5.0000
20.8500,12.5090,5.6250,0.0000,169.0000,85.0000,7.0000
21.2590,13.0780,5.6380,0.0000,169.0000,85.0000,8.0000
20.6860,12.4800,5.8940,0.0000,177.0000,77.0000,24.0000
21.0310,12.9130,4.9030,0.0000,148.0000,106.0000,9.0000
20.6350,12.5050,5.6210,0.0000,169.0000,85.0000,120.0000
21.0330,12.9560,5.6910,0.0000,171.0000,83.0000,29.0000
20.7940,12.7070,4.1500,0.0000,125.0000,129.0000,45.0000
20.6340,12.5610,4.4100,0.0000,133.0000,121.0000,75.0000
20.6360,12.6350,4.7380,0.0000,142.0000,112.0000,21.0000
20.8080,12.8500,4.7720,0.0000,143.0000,111.0000,10.0000
20.6950,12.7370,5.8440,0.0000,175.0000,79.0000,44.0000
20.5390,12.6390,4.1260,0.0000,124.0000,130.0000,3.0000
22.1300,13.7600,4.3550,0.0000,131.0000,123.0000,8.0000
21.9070,13.6590,4.2640,0.0000,128.0000,126.0000,0.0000
21.9930,13.8080,4.0460,0.0000,122.0000,132.0000,6.0000
21.4310,13.2650,5.6290,0.0000,169.0000,85.0000,10.0000
21.3940,13.2610,3.9690,0.0000,119.0000,135.0000,12.0000
21.4710,13.4190,4.5590,0.0000,137.0000,117.0000,94.0000
21.4370,13.3850,4.1350,0.0000,124.0000,130.0000,4.0000
21.8090,13.7920,3.9420,0.0000,118.0000,136.0000,12.0000
21.5670,13.5420,4.8060,0.0000,145.0000,109.0000,13.0000
21.4370,13.4530,5.7260,0.0000,171.0000,83.0000,10.0000
21.4840,13.5170,3.9460,0.0000,119.0000,135.0000,177.0000
21.8940,13.9710,4.9220,0.0000,148.0000,106.0000,24.0000
21.8960,13.9760,4.5850,0.0000,138.0000,116.0000,2.0000
21.6720,13.7630,4.8640,0.0000,146.0000,108.0000,98.0000
21.6280,13.7220,3.9950,0.0000,121.0000,133.0000,22.0000
21.0910,13.1600,4.6690,0.0000,140.0000,114.0000,2.0000
21.2740,13.3620,4.4110,0.0000,133.0000,121.0000,4.0000
21.3550,13.4620,5.1090,0.0000,154.0000,100.0000,3.0000
21.2340,13.3390,3.8760,0.0000,117.0000,137.0000,11.0000
20.8250,12.9110,5.7490,0.0000,172.0000,82.0000,80.0000
21.5000,13.6890,4.2390,0.0000,127.0000,127.0000,65535.0000
20.5980,12.7390,5.6620,0.0000,170.0000,84.0000,30.0000
21.0330,13.2160,5.6080,0.0000,168.0000,86.0000,22.0000
20.5960,12.7420,4.9970,0.0000,150.0000,104.0000,17.0000
20.6450,12.8000,4.3360,0.0000,130.0000,124.0000,13.0000
21.2760,13.4920,4.1960,0.0000,126.0000,128.0000,36.0000
20.9230,13.1210,5.8860,0.0000,176.0000,78.0000,19.0000
21.7260,14.0130,4.4680,0.0000,134.0000,120.0000,0.0000
21.0930,13.3220,4.0370,0.0000,121.0000,133.0000,7.0000
20.6330,12.8300,4.1230,0.0000,124.0000,130.0000,21.0000
21.7980,14.1100,4.0250,0.0000,121.0000,133.0000,38.0000
21.6350,13.9310,3.9930,0.0000,120.0000,134.0000,41.0000
21.0410,13.3020,5.7950,0.0000,174.0000,80.0000,23.0000
21.3580,13.6560,4.7560,0.0000,143.0000,111.0000,6.0000
20.4670,12.7550,4.7510,0.0000,142.0000,112.0000,7.0000
21.6450,14.0520,4.8960,0.0000,147.0000,107.0000,9.0000
21.7700,14.2150,4.8590,0.0000,146.0000,108.0000,7.0000
21.7210,14.1630,4.6570,0.0000,140.0000,114.0000,2.0000
20.7280,13.0770,5.8460,0.0000,175.0000,79.0000,92.0000
21.4340,13.8610,5.0590,0.0000,152.0000,102.0000,14.0000
21.7930,14.2630,4.2130,0.0000,127.0000,127.0000,16.0000
21.2480,13.6960,4.1610,0.0000,125.0000,129.0000,9.0000
20.8510,13.3030,4.3060,0.0000,130.0000,124.0000,3.0000
21.4220,13.9350,4.2260,0.0000,127.0000,127.0000,44.0000
21.4770,14.0260,4.7840,0.0000,144.0000,110.0000,6.0000
21.0560,13.5900,4.1950,0.0000,126.0000,128.0000,34.0000
20.4760,12.9540,5.7740,0.0000,173.0000,81.0000,81.0000
21.2430,13.8070,5.5450,0.0000,166.0000,88.0000,7.0000
20.7570,13.2980,5.8040,0.0000,174.0000,80.0000,29.0000
21.4950,14.1270,4.2210,0.0000,127.0000,127.0000,4.0000
20.3640,12.8940,4.9760,0.0000,149.0000,105.0000,11.0000
21.5710,14.2390,4.4050,0.0000,133.0000,121.0000,3.0000
20.8880,13.4830,4.1260,0.0000,124.0000,130.0000,12.0000
20.9530,13.5740,3.9340,0.0000,118.0000,136.0000,110.0000
21.1170,13.7870,3.9850,0.0000,120.0000,134.0000,8.0000
21.3190,14.0340,4.9670,0.0000,149.0000,105.0000,15.0000
21.4530,14.1840,4.9310,0.0000,148.0000,106.0000,2.0000
20.5550,13.1940,5.8800,0.0000,176.0000,78.0000,35.0000
21.1590,13.8750,4.6760,0.0000,141.0000,113.0000,7.0000
21.1490,13.9020,4.2060,0.0000,127.0000,127.0000,56.0000
20.7770,13.5040,5.6390,0.0000,169.0000,85.0000,27.0000
21.2530,14.0360,5.5350,0.0000,166.0000,88.0000,14.0000
20.7560,13.4950,5.8590,0.0000,175.0000,79.0000,119.0000
20.3950,13.0950,5.5260,0.0000,166.0000,88.0000,18.0000
20.9460,13.7200,4.0740,0.0000,123.0000,131.0000,9.0000
20.3410,13.0660,5.8970,0.0000,177.0000,77.0000,119.0000
21.0490,13.8580,5.6290,0.0000,169.0000,85.0000,23.0000
21.0080,13.8150,5.3770,0.0000,161.0000,93.0000,12.0000
20.7790,13.5600,5.1530,0.0000,154.0000,100.0000,86.0000
21.1930,14.0510,5.2050,0.0000,156.0000,98.0000,8.0000
21.3940,14.2800,4.7000,0.0000,141.0000,113.0000,7.0000
20.8320,13.6620,5.4780,0.0000,164.0000,90.0000,159.0000
20.4540,13.2710,5.6130,0.0000,169.0000,85.0000,137.0000
20.7240,13.5860,4.0080,0.0000,121.0000,133.0000,1.0000
21.2240,14.1670,4.8450,0.0000,145.0000,109.0000,10.0000
21.5190,14.4980,4.8460,0.0000,145.0000,109.0000,19.0000
20.5640,13.4380,5.5900,0.0000,168.0000,86.0000,53.0000
21.2550,14.2180,5.0920,0.0000,153.0000,101.0000,59.0000
20.5550,13.4330,4.8800,0.0000,147.0000,107.0000,22.0000
21.0790,14.0280,4.0340,0.0000,121.0000,133.0000,1.0000
20.8150,13.7540,5.7380,0.0000,172.0000,82.0000,69.0000
21.3680,14.3810,4.9870,0.0000,150.0000,104.0000,4.0000
21.3740,14.3930,4.1540,0.0000,125.0000,129.0000,32.0000
20.5160,13.4470,5.3100,0.0000,160.0000,94.0000,7.0000
21.4600,14.5160,4.4100,0.0000,133.0000,121.0000,4.0000
20.2230,13.1320,5.7250,0.0000,171.0000,83.0000,63.0000
20.3850,13.3250,4.1710,0.0000,125.0000,129.0000,4.0000
20.3670,13.3300,5.4260,0.0000,163.0000,91.0000,57.0000
20.4150,13.3910,4.4690,0.0000,134.0000,120.0000,8.0000
20.2920,13.2820,3.9730,0.0000,120.0000,134.0000,28.0000
20.6250,13.6620,5.8530,0.0000,175.0000,79.0000,91.0000
21.0620,14.1570,5.5710,0.0000,167.0000,87.0000,16.0000
20.9710,14.0570,5.2580,0.0000,158.0000,96.0000,14.0000
20.2080,13.1970,5.0140,0.0000,151.0000,103.0000,49.0000
20.8880,13.9710,4.0560,0.0000,122.0000,132.0000,80.0000
21.2920,14.4540,5.1810,0.0000,156.0000,98.0000,13.0000
20.3760,13.4220,4.7130,0.0000,142.0000,112.0000,31.0000
21.1290,14.2760,4.2230,0.0000,127.0000,127.0000,1.0000
20.2560,13.3070,5.8230,0.0000,174.0000,80.0000,143.0000
20.8830,14.0170,5.6080,0.0000,168.0000,86.0000,26.0000
20.4610,13.5440,5.1300,0.0000,154.0000,100.0000,16.0000
20.6320,13.7620,3.9670,0.0000,119.0000,135.0000,18.0000
21.0580,14.2680,5.2090,0.0000,157.0000,97.0000,24.0000
21.1710,14.4010,4.5680,0.0000,137.0000,117.0000,32.0000
20.9510,14.1520,4.5270,0.0000,136.0000,118.0000,50.0000
21.3690,14.6530,4.6440,0.0000,139.0000,115.0000,20.0000
20.6780,13.8810,5.8150,0.0000,174.0000,80.0000,45.0000
20.8420,14.1050,5.1020,0.0000,153.0000,101.0000,75.0000
20.9090,14.1890,4.0570,0.0000,122.0000,132.0000,13.0000
20.9240,14.2240,5.3720,0.0000,161.0000,93.0000,14.0000
21.0560,14.3810,4.4000,0.0000,133.0000,121.0000,3.0000
20.7050,13.9840,4.1360,0.0000,124.0000,130.0000,4.0000
20.8830,14.1940,5.7790,0.0000,173.0000,81.0000,35.0000
20.5590,13.8260,5.6570,0.0000,169.0000,85.0000,12.0000
20.1260,13.3650,5.6600,0.0000,170.0000,84.0000,11.0000
20.7360,14.0620,5.3010,0.0000,159.0000,95.0000,12.0000
20.3920,13.6960,5.7890,0.0000,174.0000,80.0000,47.0000
21.0860,14.4910,5.1720,0.0000,155.0000,99.0000,11.0000
20.2560,13.5490,4.5270,0.0000,136.0000,118.0000,8.0000
20.2380,13.5720,5.6060,0.0000,168.0000,86.0000,47.0000
20.7940,14.2070,5.5510,0.0000,166.0000,88.0000,14.0000
20.6220,14.0140,5.0350,0.0000,151.0000,103.0000,34.0000
21.0020,14.4540,4.2210,0.0000,127.0000,127.0000,1.0000
20.4180,13.8080,5.1270,0.0000,154.0000,100.0000,70.0000
20.8700,14.3250,5.1710,0.0000,155.0000,99.0000,10.0000
21.1050,14.5970,4.5820,0.0000,138.0000,116.0000,2.0000
20.1560,13.5200,5.8260,0.0000,174.0000,80.0000,91.0000
20.2730,13.6600,4.9980,0.0000,150.0000,104.0000,16.0000
20.9730,14.4630,4.6660,0.0000,140.0000,114.0000,0.0000
20.0390,13.4270,4.9030,0.0000,148.0000,106.0000,30.0000
20.8110,14.3120,4.6340,0.0000,139.0000,115.0000,22.0000
20.9310,14.4910,5.4570,0.0000,163.0000,91.0000,6.0000
20.3930,13.8820,4.4240,0.0000,133.0000,121.0000,19.0000
20.5750,14.0940,3.9740,0.0000,120.0000,134.0000,3.0000
20.5020,14.0420,4.1800,0.0000,126.0000,128.0000,43.0000
20.2210,13.7400,5.4590,0.0000,164.0000,90.0000,17.0000
20.6610,14.2450,5.3850,0.0000,162.0000,92.0000,15.0000
20.5390,14.1120,4.4590,0.0000,134.0000,120.0000,73.0000
20.5860,14.1720,5.7700,0.0000,173.0000,81.0000,39.0000
20.0360,13.5420,5.5960,0.0000,168.0000,86.0000,37.0000
21.0160,14.6710,4.9480,0.0000,148.0000,106.0000,15.0000
20.8020,14.4310,4.2340,0.0000,127.0000,127.0000,7.0000
20.3650,13.9540,5.7220,0.0000,171.0000,83.0000,176.0000
19.9530,13.5070,5.8280,0.0000,174.0000,80.0000,18.0000
20.6200,14.3010,4.4220,0.0000,133.0000,121.0000,4.0000
20.5090,14.2000,5.5130,0.0000,166.0000,88.0000,34.0000
20.5860,14.3190,5.1920,0.0000,156.0000,98.0000,10.0000
20.4920,14.2130,4.8820,0.0000,147.0000,107.0000,77.0000
20.7650,14.5310,4.5640,0.0000,137.0000,117.0000,4.0000
20.5820,14.3360,4.7270,0.0000,142.0000,112.0000,20.0000
20.8950,14.6980,4.6410,0.0000,139.0000,115.0000,9.0000
20.0910,13.7970,5.7540,0.0000,172.0000,82.0000,164.0000
19.9220,13.6040,5.3660,0.0000,161.0000,93.0000,20.0000
20.1520,13.8960,5.5870,0.0000,168.0000,86.0000,28.0000
20.3810,14.1800,5.3360,0.0000,160.0000,94.0000,7.0000
20.3620,14.1900,5.7880,0.0000,174.0000,80.0000,133.0000
20.4200,14.2670,4.3630,0.0000,131.0000,123.0000,3.0000
19.9250,13.7270,5.8970,0.0000,177.0000,77.0000,112.0000
20.4690,14.3590,5.7430,0.0000,172.0000,82.0000,17.0000
20.1640,14.0400,5.7310,0.0000,171.0000,83.0000,47.0000
20.0270,13.8830,5.3290,0.0000,160.0000,94.0000,10.0000
20.5840,14.5360,4.4240,0.0000,133.0000,121.0000,10.0000
20.2060,14.0980,4.2780,0.0000,129.0000,125.0000,9.0000
20.0760,13.9630,5.9030,0.0000,177.0000,77.0000,107.0000
20.0850,13.9790,5.1070,0.0000,154.0000,100.0000,20.0000
20.5280,14.4960,4.9040,0.0000,148.0000,106.0000,14.0000
20.1670,14.0920,5.2660,0.0000,158.0000,96.0000,25.0000
19.8750,13.7530,5.1030,0.0000,153.0000,101.0000,37.0000
20.4900,14.4730,4.5920,0.0000,138.0000,116.0000,2.0000
20.2260,14.1920,5.5020,0.0000,165.0000,89.0000,88.0000
20.7370,14.7960,4.3560,0.0000,131.0000,123.0000,40.0000
19.8470,13.7760,5.6300,0.0000,169.0000,85.0000,86.0000
20.6220,14.6930,3.9520,0.0000,119.0000,135.0000,6.0000
20.2660,14.2900,4.9010,0.0000,147.0000,107.0000,64.0000
19.8350,13.8170,5.4140,0.0000,163.0000,91.0000,67.0000
20.0860,14.1420,4.9280,0.0000,148.0000,106.0000,134.0000
19.8570,13.9220,5.2110,0.0000,157.0000,97.0000,187.0000
20.3330,14.4800,5.1030,0.0000,153.0000,101.0000,21.0000
19.8890,13.9860,5.5730,0.0000,167.0000,87.0000,115.0000
19.8400,13.9330,4.9960,0.0000,150.0000,104.0000,22.0000
20.6990,14.9420,4.6150,0.0000,139.0000,115.0000,11.0000
19.8100,13.9180,4.7030,0.0000,142.0000,112.0000,5.0000
20.0380,14.2200,4.7500,0.0000,142.0000,112.0000,19.0000
20.4550,14.7110,4.4140,0.0000,133.0000,121.0000,21.0000
20.2530,14.4960,5.3330,0.0000,160.0000,94.0000,33.0000
20.4460,14.7490,4.2120,0.0000,127.0000,127.0000,14.0000
19.9610,14.2040,5.5010,0.0000,165.0000,89.0000,43.0000
19.9120,14.1480,5.1800,0.0000,155.0000,99.0000,88.0000
19.9940,14.2890,5.3060,0.0000,159.0000,95.0000,53.0000
20.0570,14.4020,4.9540,0.0000,149.0000,105.0000,78.0000
19.9070,14.2320,3.9140,0.0000,118.0000,136.0000,11.0000
19.8200,14.1520,4.7310,0.0000,142.0000,112.0000,43.0000
20.2360,14.6480,4.1530,0.0000,125.0000,129.0000,15.0000
20.0720,14.5260,5.2450,0.0000,157.0000,97.0000,45.0000
20.0360,14.4900,4.3680,0.0000,131.0000,123.0000,30.0000
20.3790,14.9140,4.4330,0.0000,133.0000,121.0000,6.0000
19.6470,14.0810,4.4750,0.0000,135.0000,119.0000,18.0000
20.3520,14.9200,4.1520,0.0000,125.0000,129.0000,12.0000
19.6940,14.1570,5.4420,0.0000,163.0000,91.0000,74.0000
19.9410,14.4550,4.7130,0.0000,142.0000,112.0000,29.0000
19.7460,14.3050,4.8860,0.0000,147.0000,107.0000,15.0000
19.7230,14.3760,4.6960,0.0000,141.0000,113.0000,15.0000
19.8470,14.6450,4.1130,0.0000,124.0000,130.0000,28.0000
19.5280,14.2880,4.6490,0.0000,139.0000,115.0000,60.0000
19.5540,14.3710,4.8570,0.0000,146.0000,108.0000,97.0000
19.6510,14.5190,4.2430,0.0000,127.0000,127.0000,36.0000
19.5080,14.3650,4.2560,0.0000,128.0000,126.0000,22.0000
20.7980,12.0990,5.5660,0.0000,167.0000,87.0000,43.0000
20.4720,11.7540,5.3330,0.0000,160.0000,94.0000,7.0000
20.6560,11.9600,3.9800,0.0000,120.0000,134.0000,14.0000
20.5930,11.9100,5.7210,0.0000,171.0000,83.0000,38.0000
20.5660,11.9830,5.5160,0.0000,166.0000,88.0000,11.0000
20.4150,11.8720,5.5890,0.0000,168.0000,86.0000,15.0000
20.3730,11.9020,4.9560,0.0000,149.0000,105.0000,25.0000
20.0560,11.5630,4.8970,0.0000,147.0000,107.0000,50.0000
20.4770,12.1260,5.6830,0.0000,170.0000,84.0000,7.0000
20.3550,12.0690,5.4750,0.0000,164.0000,90.0000,9.0000
19.9010,11.5800,5.0600,0.0000,152.0000,102.0000,20.0000
20.4770,12.2300,5.8750,0.0000,176.0000,78.0000,4.0000
19.9290,11.6880,4.5110,0.0000,136.0000,118.0000,45.0000
20.4420,12.2700,5.5220,0.0000,166.0000,88.0000,5.0000
20.0980,11.9010,4.7860,0.0000,144.0000,110.0000,9.0000
19.7500,11.5270,4.5130,0.0000,136.0000,118.0000,12.0000
20.3710,12.2000,4.3840,0.0000,132.0000,122.0000,6.0000
20.3010,12.1400,5.7880,0.0000,174.0000,80.0000,22.0000
20.5200,12.3880,4.4180,0.0000,133.0000,121.0000,85.0000
19.6730,11.4880,4.2510,0.0000,128.0000,126.0000,84.0000
19.4060,11.1990,4.1740,0.0000,126.0000,128.0000,58.0000
19.8350,11.6660,4.1370,0.0000,124.0000,130.0000,4.0000
20.0630,11.9140,4.0110,0.0000,121.0000,133.0000,21.0000
20.4520,12.3370,4.0140,0.0000,121.0000,133.0000,3.0000
19.6840,11.5250,4.8470,0.0000,145.0000,109.0000,15.0000
20.5020,12.4340,5.7860,0.0000,174.0000,80.0000,118.0000
19.7720,11.6500,4.3330,0.0000,130.0000,124.0000,11.0000
19.9630,11.9030,4.4400,0.0000,133.0000,121.0000,10.0000
19.9130,11.8540,3.8890,0.0000,117.0000,137.0000,8.0000
20.1960,12.1850,4.4960,0.0000,135.0000,119.0000,10.0000
19.4610,11.3850,4.2330,0.0000,127.0000,127.0000,82.0000
20.2640,12.2680,5.6220,0.0000,169.0000,85.0000,13.0000
19.7110,11.6650,5.3050,0.0000,159.0000,95.0000,18.0000
20.1830,12.1840,4.8880,0.0000,147.0000,107.0000,12.0000
20.0230,12.0400,4.9880,0.0000,150.0000,104.0000,23.0000
19.4900,11.4580,4.8020,0.0000,145.0000,109.0000,18.0000
19.8790,11.8880,4.1740,0.0000,126.0000,128.0000,14.0000
20.3910,12.4660,5.5820,0.0000,167.0000,87.0000,27.0000
19.6140,11.6190,5.0510,0.0000,151.0000,103.0000,18.0000
19.2320,11.2070,4.2870,0.0000,129.0000,125.0000,40.0000
19.4120,11.4130,5.0830,0.0000,153.0000,101.0000,10.0000
19.8980,11.9480,4.6700,0.0000,140.0000,114.0000,10.0000
20.1730,12.2520,4.2010,0.0000,127.0000,127.0000,58.0000
20.0920,12.1650,4.0250,0.0000,121.0000,133.0000,53.0000
20.1990,12.3000,5.8880,0.0000,177.0000,77.0000,11.0000
19.5320,11.5730,5.3320,0.0000,160.0000,94.0000,12.0000
19.6310,11.6860,4.6720,0.0000,140.0000,114.0000,19.0000
19.7000,11.7850,5.1420,0.0000,154.0000,100.0000,86.0000
20.3650,12.5160,4.9990,0.0000,150.0000,104.0000,35.0000
19.1340,11.1720,4.0940,0.0000,123.0000,131.0000,5.0000
19.2840,11.3370,4.0610,0.0000,122.0000,132.0000,27.0000
19.7300,11.8270,4.0070,0.0000,121.0000,133.0000,9.0000
20.4310,12.5960,5.8850,0.0000,176.0000,78.0000,49.0000
19.3180,11.3850,4.3990,0.0000,133.0000,121.0000,32.0000
20.2800,12.4660,5.8110,0.0000,174.0000,80.0000,88.0000
19.5870,11.7060,5.5000,0.0000,165.0000,89.0000,41.0000
20.2340,12.4230,4.6220,0.0000,139.0000,115.0000,12.0000
19.5700,11.6980,4.1160,0.0000,124.0000,130.0000,115.0000
19.9810,12.1700,4.8270,0.0000,145.0000,109.0000,28.0000
19.3930,11.5450,4.1120,0.0000,124.0000,130.0000,19.0000
20.0600,12.3010,5.6420,0.0000,169.0000,85.0000,22.0000
19.8340,12.0630,4.0600,0.0000,122.0000,132.0000,8.0000
19.4310,11.6390,4.6410,0.0000,139.0000,115.0000,13.0000
19.0270,11.1950,4.3500,0.0000,131.0000,123.0000,32.0000
20.0580,12.3430,5.1660,0.0000,155.0000,99.0000,38.0000
19.4960,11.7540,5.2540,0.0000,157.0000,97.0000,53.0000
19.7200,12.0040,4.8390,0.0000,145.0000,109.0000,46.0000
19.1880,11.4210,4.2170,0.0000,127.0000,127.0000,44.0000
19.8370,12.1580,5.1200,0.0000,154.0000,100.0000,60.0000
19.2980,11.5620,4.9960,0.0000,150.0000,104.0000,21.0000
19.5320,11.8250,4.5670,0.0000,137.0000,117.0000,9.0000
19.4500,11.7490,4.9470,0.0000,148.0000,106.0000,48.0000
19.3560,11.6480,4.4440,0.0000,133.0000,121.0000,43.0000
19.7470,12.1110,4.6100,0.0000,139.0000,115.0000,65.0000
19.2200,11.5320,4.0100,0.0000,121.0000,133.0000,10.0000
19.4780,11.8190,3.9540,0.0000,119.0000,135.0000,64.0000
19.5190,11.8770,5.5890,0.0000,168.0000,86.0000,31.0000
19.3690,11.7110,5.4500,0.0000,163.0000,91.0000,33.0000
19.1070,11.4450,4.4990,0.0000,135.0000,119.0000,11.0000
18.9670,11.2940,4.0630,0.0000,122.0000,132.0000,83.0000
19.5300,11.9650,5.3450,0.0000,160.0000,94.0000,17.0000
19.5320,11.9700,4.9640,0.0000,149.0000,105.0000,129.0000
19.6350,12.0920,3.9690,0.0000,119.0000,135.0000,46.0000
19.2690,11.6950,4.8410,0.0000,145.0000,109.0000,24.0000
19.3100,11.7960,5.1720,0.0000,155.0000,99.0000,12.0000
19.3990,11.8970,4.7730,0.0000,143.0000,111.0000,11.0000
18.9380,11.4350,4.2090,0.0000,127.0000,127.0000,89.0000
19.2110,11.7630,4.5470,0.0000,136.0000,118.0000,79.0000
19.2290,11.7860,4.0270,0.0000,121.0000,133.0000,73.0000
19.1310,11.7170,5.0100,0.0000,151.0000,103.0000,13.0000
19.0170,11.6210,4.4540,0.0000,134.0000,120.0000,13.0000
18.8540,11.4550,4.3940,0.0000,132.0000,122.0000,140.0000
20.1530,12.4770,5.6200,0.0000,169.0000,85.0000,21.0000
20.0420,12.3600,4.7280,0.0000,142.0000,112.0000,79.0000
20.0710,12.4300,5.8060,0.0000,174.0000,80.0000,8.0000
20.3220,12.7180,4.1660,0.0000,125.0000,129.0000,11.0000
20.1560,12.5920,4.1200,0.0000,124.0000,130.0000,37.0000
20.3280,12.7900,5.8700,0.0000,176.0000,78.0000,64.0000
20.1480,12.6210,5.8260,0.0000,174.0000,80.0000,12.0000
20.2290,12.7400,5.6710,0.0000,170.0000,84.0000,35.0000
19.8660,12.3430,4.6260,0.0000,139.0000,115.0000,61.0000
20.1120,12.6270,5.4260,0.0000,163.0000,91.0000,13.0000
19.7860,12.2680,4.9430,0.0000,148.0000,106.0000,78.0000
19.8770,12.3970,5.4760,0.0000,164.0000,90.0000,88.0000
19.8320,12.3580,3.9830,0.0000,120.0000,134.0000,6.0000
19.8500,12.3980,5.1320,0.0000,154.0000,100.0000,31.0000
19.9530,12.5250,5.6290,0.0000,169.0000,85.0000,25.0000
19.5740,12.1050,5.2030,0.0000,156.0000,98.0000,27.0000
19.6490,12.2230,4.7840,0.0000,144.0000,110.0000,33.0000
19.9220,12.5300,4.5010,0.0000,136.0000,118.0000,19.0000
19.6780,12.2790,5.2360,0.0000,157.0000,97.0000,278.0000
19.9010,12.5310,4.7980,0.0000,144.0000,110.0000,17.0000
19.4880,12.0860,4.7590,0.0000,143.0000,111.0000,34.0000
19.2630,11.8640,5.3740,0.0000,161.0000,93.0000,22.0000
19.2870,11.8930,4.9820,0.0000,150.0000,104.0000,100.0000
19.6920,12.3520,4.1390,0.0000,124.0000,130.0000,15.0000
20.0960,12.8190,5.8890,0.0000,177.0000,77.0000,86.0000
19.8820,12.5820,5.3810,0.0000,161.0000,93.0000,47.0000
19.5430,12.2050,4.9980,0.0000,150.0000,104.0000,55.0000
19.3320,11.9760,3.9830,0.0000,120.0000,134.0000,22.0000
20.0160,12.7470,5.7130,0.0000,171.0000,83.0000,43.0000
19.3880,12.0460,5.1000,0.0000,153.0000,101.0000,76.0000
20.0570,12.7980,4.8560,0.0000,146.0000,108.0000,17.0000
20.1420,12.9220,5.5490,0.0000,166.0000,88.0000,88.0000
20.1950,12.9840,5.1130,0.0000,154.0000,100.0000,15.0000
19.8060,12.5570,3.9540,0.0000,119.0000,135.0000,7.0000
19.9710,12.7570,5.4850,0.0000,165.0000,89.0000,35.0000
19.6680,12.4210,4.8880,0.0000,147.0000,107.0000,98.0000
19.2590,11.9640,4.5870,0.0000,138.0000,116.0000,28.0000
19.6820,12.4500,5.3540,0.0000,160.0000,94.0000,84.0000
19.4230,12.1680,4.0260,0.0000,121.0000,133.0000,27.0000
19.8960,12.7200,5.8810,0.0000,176.0000,78.0000,6.0000
19.3500,12.1120,4.9130,0.0000,148.0000,106.0000,15.0000
19.5100,12.2970,4.2380,0.0000,127.0000,127.0000,43.0000
19.7720,12.6120,4.9340,0.0000,148.0000,106.0000,15.0000
19.7950,12.6510,5.5560,0.0000,166.0000,88.0000,15.0000
19.3840,12.1910,5.2430,0.0000,157.0000,97.0000,51.0000
19.6260,12.4670,4.6600,0.0000,140.0000,114.0000,141.0000
19.1580,11.9690,5.1470,0.0000,154.0000,100.0000,94.0000
19.4290,12.2770,4.6730,0.0000,140.0000,114.0000,132.0000
19.0300,11.8290,4.4930,0.0000,135.0000,119.0000,56.0000
18.9630,11.7560,4.1760,0.0000,126.0000,128.0000,133.0000
19.5590,12.4470,5.0860,0.0000,153.0000,101.0000,190.0000
19.1480,12.0050,4.3640,0.0000,131.0000,123.0000,56.0000
18.8310,11.6470,4.3120,0.0000,130.0000,124.0000,75.0000
19.5690,12.4830,3.9970,0.0000,121.0000,133.0000,19.0000
20.0370,13.0330,5.7080,0.0000,171.0000,83.0000,60.0000
19.8280,12.8010,4.9830,0.0000,150.0000,104.0000,77.0000
19.4550,12.3800,4.8990,0.0000,147.0000,107.0000,29.0000
19.2470,12.1460,4.6910,0.0000,141.0000,113.0000,15.0000
19.7100,12.6700,4.7160,0.0000,142.0000,112.0000,28.0000
19.8690,12.8710,5.6400,0.0000,169.0000,85.0000,51.0000
19.6800,12.6580,5.3250,0.0000,160.0000,94.0000,57.0000
19.0740,11.9770,4.7760,0.0000,143.0000,111.0000,23.0000
18.7750,11.6410,4.5260,0.0000,136.0000,118.0000,52.0000
19.9120,12.9340,5.8630,0.0000,176.0000,78.0000,54.0000
19.7260,12.7250,5.7310,0.0000,171.0000,83.0000,40.0000
18.7420,11.6230,3.9360,0.0000,118.0000,136.0000,130.0000
19.8780,12.9310,5.4370,0.0000,163.0000,91.0000,27.0000
19.1840,12.1460,5.2490,0.0000,157.0000,97.0000,99.0000
19.2260,12.2020,3.8890,0.0000,117.0000,137.0000,4.0000
19.3310,12.3400,5.1060,0.0000,154.0000,100.0000,98.0000
19.1060,12.0850,4.9750,0.0000,149.0000,105.0000,31.0000
18.8900,11.8450,4.3430,0.0000,130.0000,124.0000,81.0000
19.1890,12.1930,5.4590,0.0000,164.0000,90.0000,65535.0000
19.5590,12.6160,4.9140,0.0000,148.0000,106.0000,79.0000
18.8530,11.8180,4.6740,0.0000,140.0000,114.0000,125.0000
18.7580,11.7140,4.1280,0.0000,124.0000,130.0000,128.0000
20.0580,13.2100,5.8670,0.0000,176.0000,78.0000,93.0000
19.5000,12.5790,5.3730,0.0000,161.0000,93.0000,163.0000
19.3400,12.3980,5.2980,0.0000,159.0000,95.0000,163.0000
18.9290,11.9320,5.1390,0.0000,154.0000,100.0000,11.0000
19.9900,13.1380,4.9700,0.0000,149.0000,105.0000,13.0000
19.7430,12.8820,5.2700,0.0000,158.0000,96.0000,58.0000
19.0560,12.1060,4.6110,0.0000,139.0000,115.0000,35.0000
19.1760,12.2580,4.8960,0.0000,147.0000,107.0000,102.0000
20.0650,13.2720,4.5220,0.0000,136.0000,118.0000,43.0000
18.9550,12.0120,4.2290,0.0000,127.0000,127.0000,61.0000
19.9430,13.1570,5.5630,0.0000,167.0000,87.0000,77.0000
20.0530,13.2830,5.4430,0.0000,163.0000,91.0000,28.0000
19.6160,12.7880,5.1420,0.0000,154.0000,100.0000,127.0000
19.2760,12.4090,4.0510,0.0000,122.0000,132.0000,9.0000
19.4410,12.6160,5.1330,0.0000,154.0000,100.0000,53.0000
19.7850,13.0100,4.8770,0.0000,146.0000,108.0000,34.0000
19.4190,12.5950,4.6460,0.0000,139.0000,115.0000,45.0000
19.7130,12.9390,5.8420,0.0000,175.0000,79.0000,36.0000
19.9150,13.1820,3.9880,0.0000,120.0000,134.0000,17.0000
19.8620,13.1450,5.3080,0.0000,160.0000,94.0000,51.0000
19.0890,12.2640,5.1120,0.0000,154.0000,100.0000,119.0000
19.2430,12.4400,4.9530,0.0000,148.0000,106.0000,116.0000
19.5690,12.8130,4.8290,0.0000,145.0000,109.0000,21.0000
18.7120,11.8370,4.5220,0.0000,136.0000,118.0000,208.0000
19.8160,13.1170,5.7400,0.0000,172.0000,82.0000,107.0000
19.1300,12.3360,5.3310,0.0000,160.0000,94.0000,44.0000
18.9040,12.0790,4.9850,0.0000,150.0000,104.0000,63.0000
19.0330,12.2310,4.3780,0.0000,132.0000,122.0000,50.0000
19.2770,12.5100,4.3740,0.0000,132.0000,122.0000,20.0000
19.3360,12.5900,4.8570,0.0000,146.0000,108.0000,25.0000
18.8420,12.0250,4.7430,0.0000,142.0000,112.0000,65.0000
19.4870,12.7910,5.4010,0.0000,162.0000,92.0000,150.0000
19.1120,12.3720,3.9080,0.0000,118.0000,136.0000,23.0000
19.5200,12.8540,5.8120,0.0000,174.0000,80.0000,7.0000
19.8320,13.2200,4.5380,0.0000,136.0000,118.0000,24.0000
18.6370,11.8530,4.3170,0.0000,130.0000,124.0000,90.0000
19.8560,13.2560,5.8970,0.0000,177.0000,77.0000,107.0000
19.6680,13.0430,5.4920,0.0000,165.0000,89.0000,94.0000
19.4170,12.7600,4.9500,0.0000,148.0000,106.0000,22.0000
19.9230,13.3670,5.6220,0.0000,169.0000,85.0000,211.0000
18.9660,12.2750,4.8120,0.0000,145.0000,109.0000,129.0000
19.4300,12.8090,4.5880,0.0000,138.0000,116.0000,25.0000
19.0810,12.4110,4.2660,0.0000,128.0000,126.0000,76.0000
19.8980,13.3690,5.2740,0.0000,158.0000,96.0000,7.0000
19.5800,13.0050,5.2100,0.0000,157.0000,97.0000,20.0000
19.7640,13.2180,4.9650,0.0000,149.0000,105.0000,23.0000
18.7120,12.0130,4.4170,0.0000,133.0000,121.0000,160.0000
19.0340,12.3950,4.9600,0.0000,149.0000,105.0000,40.0000
19.5950,13.0390,4.9360,0.0000,148.0000,106.0000,149.0000
19.5230,12.9600,4.4390,0.0000,133.0000,121.0000,140.0000
19.5810,13.0510,5.7320,0.0000,171.0000,83.0000,161.0000
18.9280,12.3030,5.3440,0.0000,160.0000,94.0000,7.0000
18.8770,12.2460,5.1550,0.0000,155.0000,99.0000,10.0000
19.3970,12.8430,5.1810,0.0000,156.0000,98.0000,79.0000
18.8380,12.2040,4.6420,0.0000,139.0000,115.0000,124.0000
18.6010,11.9360,3.9160,0.0000,118.0000,136.0000,109.0000
19.0760,12.5010,5.2170,0.0000,157.0000,97.0000,66.0000
18.9840,12.3990,4.5940,0.0000,138.0000,116.0000,235.0000
19.6540,13.1780,5.8920,0.0000,177.0000,77.0000,103.0000
18.7660,12.1660,4.3000,0.0000,130.0000,124.0000,57.0000
18.9810,12.4380,5.4980,0.0000,165.0000,89.0000,16.0000
19.7030,13.2700,5.6130,0.0000,169.0000,85.0000,45.0000
19.1120,12.5940,4.6720,0.0000,140.0000,114.0000,139.0000
19.0810,12.5600,4.4190,0.0000,133.0000,121.0000,108.0000
18.7890,12.2470,4.9750,0.0000,149.0000,105.0000,27.0000
19.3100,12.8490,4.7810,0.0000,144.0000,110.0000,138.0000
18.5590,11.9870,4.1330,0.0000,124.0000,130.0000,112.0000
19.4100,12.9710,3.9060,0.0000,118.0000,136.0000,29.0000
19.0700,12.5880,4.8910,0.0000,147.0000,107.0000,77.0000
18.9220,12.4200,4.3940,0.0000,132.0000,122.0000,12.0000
19.3180,12.8780,4.4060,0.0000,133.0000,121.0000,41.0000
19.4390,13.0690,5.8990,0.0000,177.0000,77.0000,13.0000
19.5090,13.1520,5.5720,0.0000,167.0000,87.0000,3.0000
19.6870,13.3600,5.2940,0.0000,159.0000,95.0000,64.0000
19.1960,12.7930,5.0540,0.0000,151.0000,103.0000,154.0000
18.6600,12.1760,4.5380,0.0000,136.0000,118.0000,9.0000
19.1620,12.7590,4.3340,0.0000,130.0000,124.0000,28.0000
19.1430,12.7400,3.8510,0.0000,116.0000,138.0000,23.0000
19.0800,12.6730,5.4130,0.0000,163.0000,91.0000,91.0000
18.8880,12.4550,4.7730,0.0000,143.0000,111.0000,25.0000
19.3460,13.0140,5.5390,0.0000,166.0000,88.0000,66.0000
19.3810,13.0590,4.9550,0.0000,149.0000,105.0000,120.0000
19.6670,13.3940,4.3660,0.0000,131.0000,123.0000,13.0000
18.8350,12.4480,5.2050,0.0000,156.0000,98.0000,63.0000
19.3640,13.0620,5.1670,0.0000,155.0000,99.0000,54.0000
18.7830,12.3930,4.5730,0.0000,137.0000,117.0000,64.0000
19.2260,12.9100,3.9780,0.0000,120.0000,134.0000,42.0000
19.6460,13.4030,5.8330,0.0000,174.0000,80.0000,254.0000
18.9210,12.5640,5.3460,0.0000,160.0000,94.0000,46.0000
18.8510,12.4850,4.9900,0.0000,150.0000,104.0000,53.0000
18.7500,12.3730,4.3030,0.0000,130.0000,124.0000,160.0000
19.4790,13.2440,5.8070,0.0000,174.0000,80.0000,126.0000
19.7370,13.5460,5.4230,0.0000,163.0000,91.0000,69.0000
19.4640,13.2280,5.3650,0.0000,161.0000,93.0000,131.0000
19.7190,13.5500,5.6720,0.0000,170.0000,84.0000,244.0000
19.5530,13.3580,5.5090,0.0000,166.0000,88.0000,55.0000
18.9380,12.6500,4.3030,0.0000,130.0000,124.0000,43.0000
19.5140,13.3320,5.1550,0.0000,155.0000,99.0000,110.0000
19.2850,13.0720,4.3010,0.0000,130.0000,124.0000,7.0000
19.3250,13.1410,5.7020,0.0000,171.0000,83.0000,121.0000
19.2640,13.0720,5.3550,0.0000,160.0000,94.0000,19.0000
19.6060,13.4740,5.0330,0.0000,151.0000,103.0000,75.0000
18.5700,12.2710,4.3840,0.0000,132.0000,122.0000,25.0000
18.8920,12.6690,4.7500,0.0000,142.0000,112.0000,18.0000
18.7860,12.5490,4.1750,0.0000,126.0000,128.0000,50.0000
18.6450,12.3860,4.1120,0.0000,124.0000,130.0000,23.0000
19.1770,13.0190,4.9620,0.0000,149.0000,105.0000,106.0000
18.7970,12.5780,4.4810,0.0000,135.0000,119.0000,17.0000
19.1610,13.0350,4.7430,0.0000,142.0000,112.0000,116.0000
18.5850,12.3630,4.5700,0.0000,137.0000,117.0000,10.0000
19.3720,13.3070,4.9360,0.0000,148.0000,106.0000,21.0000
19.1050,12.9980,4.4820,0.0000,135.0000,119.0000,146.0000
18.9360,12.8000,4.4450,0.0000,133.0000,121.0000,182.0000
19.2780,13.2030,4.1000,0.0000,124.0000,130.0000,6.0000
19.2760,13.2090,5.5110,0.0000,166.0000,88.0000,62.0000
19.3060,13.2770,5.2500,0.0000,157.0000,97.0000,90.0000
19.1610,13.1070,5.1770,0.0000,155.0000,99.0000,20.0000
19.6420,13.6700,5.2140,0.0000,157.0000,97.0000,51.0000
18.9600,12.8750,4.7320,0.0000,142.0000,112.0000,177.0000
19.4340,13.4330,4.4220,0.0000,133.0000,121.0000,26.0000
18.4420,12.2740,4.0640,0.0000,122.0000,132.0000,141.0000
19.2970,13.2900,5.8870,0.0000,177.0000,77.0000,20.0000
19.4210,13.4370,5.7710,0.0000,173.0000,81.0000,118.0000
19.5540,13.5930,5.5370,0.0000,166.0000,88.0000,178.0000
19.5010,13.5520,5.3110,0.0000,160.0000,94.0000,205.0000
18.6340,12.5410,4.3430,0.0000,130.0000,124.0000,55.0000
19.3550,13.4120,5.5110,0.0000,166.0000,88.0000,84.0000
19.1780,13.2080,4.8950,0.0000,147.0000,107.0000,26.0000
19.3240,13.3810,4.6760,0.0000,141.0000,113.0000,88.0000
19.4120,13.5100,5.1260,0.0000,154.0000,100.0000,13.0000
19.6730,13.8160,5.0770,0.0000,152.0000,102.0000,48.0000
19.5780,13.7080,4.6890,0.0000,141.0000,113.0000,127.0000
19.5120,13.6390,5.8370,0.0000,175.0000,79.0000,140.0000
19.2620,13.3470,5.6770,0.0000,170.0000,84.0000,70.0000
18.5990,12.5740,4.5470,0.0000,136.0000,118.0000,55.0000
18.4730,12.4280,4.2870,0.0000,129.0000,125.0000,7.0000
19.1250,13.2210,5.3730,0.0000,161.0000,93.0000,7.0000
19.3680,13.5090,4.9170,0.0000,148.0000,106.0000,10.0000
18.5530,12.5570,4.0200,0.0000,121.0000,133.0000,25.0000
19.6360,13.8520,5.3090,0.0000,160.0000,94.0000,48.0000
19.1490,13.2820,4.6980,0.0000,141.0000,113.0000,99.0000
18.6930,12.7480,4.3930,0.0000,132.0000,122.0000,134.0000
19.1010,13.2290,4.2230,0.0000,127.0000,127.0000,14.0000
18.8790,12.9680,4.1660,0.0000,125.0000,129.0000,15.0000
18.8140,12.9040,4.5850,0.0000,138.0000,116.0000,95.0000
18.3410,12.3510,3.9090,0.0000,118.0000,136.0000,83.0000
19.0620,13.2230,5.6960,0.0000,171.0000,83.0000,12.0000
18.9270,13.0700,4.6870,0.0000,141.0000,113.0000,60.0000
19.2020,13.4190,5.1440,0.0000,154.0000,100.0000,16.0000
19.4850,13.7540,4.8940,0.0000,147.0000,107.0000,89.0000
18.6820,12.8120,4.1600,0.0000,125.0000,129.0000,63.0000
19.3150,13.5590,4.0930,0.0000,123.0000,131.0000,25.0000
18.9320,13.1080,4.0040,0.0000,121.0000,133.0000,13.0000
19.4670,13.7460,5.4300,0.0000,163.0000,91.0000,215.0000
19.2130,13.4460,5.3570,0.0000,161.0000,93.0000,186.0000
19.2820,13.5600,5.8480,0.0000,175.0000,79.0000,14.0000
19.1770,13.4410,4.9350,0.0000,148.0000,106.0000,100.0000
18.9840,13.2140,4.8250,0.0000,145.0000,109.0000,95.0000
18.5460,12.7000,4.2570,0.0000,128.0000,126.0000,59.0000
19.2380,13.5530,5.6260,0.0000,169.0000,85.0000,69.0000
19.2980,13.6250,5.3980,0.0000,162.0000,92.0000,14.0000
19.5940,13.9820,4.7040,0.0000,142.0000,112.0000,44.0000
19.2680,13.6290,4.7870,0.0000,144.0000,110.0000,23.0000
18.9750,13.2830,4.5980,0.0000,138.0000,116.0000,63.0000
19.2900,13.6790,5.1930,0.0000,156.0000,98.0000,48.0000
18.4950,12.7400,4.4680,0.0000,134.0000,120.0000,22.0000
18.5130,12.7640,3.9940,0.0000,120.0000,134.0000,91.0000
19.3440,13.7580,5.8940,0.0000,177.0000,77.0000,6.0000
19.0690,13.4320,5.6260,0.0000,169.0000,85.0000,18.0000
19.0040,13.3590,5.0100,0.0000,151.0000,103.0000,29.0000
19.5370,14.0240,5.5500,0.0000,166.0000,88.0000,126.0000
19.0430,13.4410,4.7800,0.0000,144.0000,110.0000,204.0000
18.3500,12.6210,4.2320,0.0000,127.0000,127.0000,10.0000
19.3230,13.7780,4.3070,0.0000,130.0000,124.0000,27.0000
18.8480,13.2140,4.1550,0.0000,125.0000,129.0000,31.0000
19.0110,13.4090,4.0210,0.0000,121.0000,133.0000,25.0000
18.5870,12.9280,4.3870,0.0000,132.0000,122.0000,67.0000
18.7210,13.0880,4.3860,0.0000,132.0000,122.0000,55.0000
19.4280,13.9390,5.7940,0.0000,174.0000,80.0000,50.0000
19.2770,13.7590,5.6830,0.0000,170.0000,84.0000,35.0000
19.0370,13.4760,5.2540,0.0000,157.0000,97.0000,13.0000
19.0850,13.5680,5.0780,0.0000,152.0000,102.0000,40.0000
18.7730,13.1990,4.5670,0.0000,137.0000,117.0000,177.0000
19.1130,13.6070,4.1870,0.0000,126.0000,128.0000,64.0000
18.2580,12.5890,3.9650,0.0000,119.0000,135.0000,136.0000
19.3660,13.9260,5.5970,0.0000,168.0000,86.0000,73.0000
19.2880,13.8340,5.4140,0.0000,163.0000,91.0000,73.0000
18.9360,13.4210,4.3510,0.0000,131.0000,123.0000,36.0000
19.1050,13.6680,5.3320,0.0000,160.0000,94.0000,44.0000
18.2700,12.6770,4.4360,0.0000,133.0000,121.0000,11.0000
18.4050,12.8390,4.2220,0.0000,127.0000,127.0000,179.0000
18.5440,13.0070,4.0230,0.0000,121.0000,133.0000,27.0000
18.8490,13.3940,4.8020,0.0000,145.0000,109.0000,27.0000
19.0650,13.6510,4.7800,0.0000,144.0000,110.0000,111.0000
19.2770,13.9050,4.7560,0.0000,143.0000,111.0000,68.0000
18.7510,13.2830,3.8880,0.0000,117.0000,137.0000,24.0000
18.9470,13.5630,4.6280,0.0000,139.0000,115.0000,16.0000
19.1190,13.7940,5.1590,0.0000,155.0000,99.0000,34.0000
18.9050,13.5390,4.9430,0.0000,148.0000,106.0000,100.0000
18.3630,12.8910,4.5050,0.0000,136.0000,118.0000,70.0000
18.6280,13.2130,4.0570,0.0000,122.0000,132.0000,90.0000
19.3240,14.0580,5.1300,0.0000,154.0000,100.0000,71.0000
19.2460,13.9680,4.5560,0.0000,137.0000,117.0000,39.0000
18.1620,12.6690,4.1310,0.0000,124.0000,130.0000,12.0000
18.7840,13.4160,4.1820,0.0000,126.0000,128.0000,58.0000
19.1320,13.8590,5.5680,0.0000,167.0000,87.0000,6.0000
19.1860,13.9280,4.9960,0.0000,150.0000,104.0000,97.0000
18.7810,13.4440,4.5370,0.0000,136.0000,118.0000,123.0000
18.5170,13.1290,4.2570,0.0000,128.0000,126.0000,83.0000
19.4270,14.2220,4.1360,0.0000,124.0000,130.0000,32.0000
18.8850,13.5920,5.1370,0.0000,154.0000,100.0000,14.0000
19.0730,13.8210,4.6560,0.0000,140.0000,114.0000,72.0000
18.3180,12.9170,4.0510,0.0000,122.0000,132.0000,9.0000
19.2290,14.0200,5.7130,0.0000,171.0000,83.0000,1.0000
19.0210,13.7750,4.9650,0.0000,149.0000,105.0000,144.0000
19.3830,14.2100,4.8950,0.0000,147.0000,107.0000,159.0000
19.0280,13.7880,4.1540,0.0000,125.0000,129.0000,29.0000
19.4340,14.2790,3.9390,0.0000,118.0000,136.0000,28.0000
18.2340,12.8640,4.3340,0.0000,130.0000,124.0000,124.0000
18.6570,13.3740,4.3320,0.0000,130.0000,124.0000,67.0000
19.2210,14.0780,4.8530,0.0000,146.0000,108.0000,165.0000
19.2860,14.1590,4.3490,0.0000,131.0000,123.0000,59.0000
18.7780,13.5950,4.7380,0.0000,142.0000,112.0000,18.0000
18.7760,13.5960,4.3180,0.0000,130.0000,124.0000,50.0000
18.8710,13.7320,5.2880,0.0000,159.0000,95.0000,4.0000
18.9030,13.7780,4.3970,0.0000,132.0000,122.0000,86.0000
18.2990,13.0480,4.2280,0.0000,127.0000,127.0000,38.0000
18.6460,13.4700,3.9990,0.0000,121.0000,133.0000,85.0000
18.3580,13.1340,4.4100,0.0000,133.0000,121.0000,277.0000
18.4000,13.1880,4.0510,0.0000,122.0000,132.0000,63.0000
18.9950,13.9390,4.8460,0.0000,145.0000,109.0000,98.0000
19.1040,14.0730,4.3830,0.0000,132.0000,122.0000,45.0000
18.8670,13.8090,5.0980,0.0000,153.0000,101.0000,31.0000
19.0280,14.0040,5.1050,0.0000,154.0000,100.0000,71.0000
18.7200,13.6320,4.9260,0.0000,148.0000,106.0000,58.0000
18.7420,13.6620,4.5420,0.0000,136.0000,118.0000,86.0000
18.8600,13.8190,4.7370,0.0000,142.0000,112.0000,134.0000
18.5670,13.5000,4.6500,0.0000,139.0000,115.0000,79.0000
18.1390,12.9840,4.1200,0.0000,124.0000,130.0000,31.0000
18.6970,13.6830,5.2010,0.0000,156.0000,98.0000,11.0000
18.4050,13.3350,4.2760,0.0000,129.0000,125.0000,111.0000
18.4590,13.4010,4.0330,0.0000,121.0000,133.0000,61.0000
19.0360,14.1030,4.0930,0.0000,123.0000,131.0000,41.0000
19.1150,14.2000,3.9310,0.0000,118.0000,136.0000,9.0000
18.5950,13.5810,4.4280,0.0000,133.0000,121.0000,12.0000
18.8880,13.9390,4.0570,0.0000,122.0000,132.0000,135.0000
19.0240,14.1340,4.9090,0.0000,148.0000,106.0000,81.0000
18.8480,13.9440,5.3590,0.0000,161.0000,93.0000,3.0000
18.7680,13.8500,4.9240,0.0000,148.0000,106.0000,24.0000
18.4870,13.5280,4.2620,0.0000,128.0000,126.0000,7.0000
18.3820,13.4320,4.5520,0.0000,137.0000,117.0000,9.0000
18.1950,13.2080,4.0840,0.0000,123.0000,131.0000,30.0000
18.6190,13.7250,4.0120,0.0000,121.0000,133.0000,60.0000
18.6110,13.7380,4.7100,0.0000,142.0000,112.0000,35.0000
18.6650,13.8060,4.3140,0.0000,130.0000,124.0000,126.0000
18.8390,14.0190,4.3000,0.0000,130.0000,124.0000,162.0000
18.6930,13.8900,5.1700,0.0000,155.0000,99.0000,26.0000
18.4410,13.6180,3.8940,0.0000,118.0000,136.0000,14.0000
18.5640,13.8140,4.8960,0.0000,147.0000,107.0000,10.0000
18.1840,13.3530,4.2310,0.0000,127.0000,127.0000,27.0000
18.3830,13.6200,4.4830,0.0000,135.0000,119.0000,75.0000
18.2330,13.4400,3.9340,0.0000,118.0000,136.0000,123.0000
18.4240,13.7240,4.2920,0.0000,129.0000,125.0000,20.0000
17.9930,13.1960,4.0130,0.0000,121.0000,133.0000,22.0000
18.2530,13.5590,4.1790,0.0000,126.0000,128.0000,130.0000
18.0440,13.4160,4.0660,0.0000,122.0000,132.0000,92.0000
20.5090,15.1110,3.6540,0.0000,110.0000,144.0000,1.0000
20.2340,14.9480,3.6210,0.0000,109.0000,145.0000,5.0000
20.1270,14.8710,3.1680,0.0000,96.0000,158.0000,19.0000
20.3190,15.1330,3.4810,0.0000,105.0000,149.0000,8.0000
20.0420,14.8550,2.9750,0.0000,90.0000,164.0000,54.0000
19.9320,14.8010,3.2950,0.0000,100.0000,154.0000,7.0000
20.1010,15.0420,3.0470,0.0000,92.0000,162.0000,5.0000
19.9030,14.8070,2.6870,0.0000,82.0000,172.0000,8.0000
20.1820,15.1630,3.6300,0.0000,109.0000,145.0000,6.0000
19.8800,14.8170,3.7730,0.0000,114.0000,140.0000,31.0000
20.0260,15.0270,3.7700,0.0000,114.0000,140.0000,32.0000
19.7570,14.7560,3.0360,0.0000,91.0000,163.0000,14.0000
19.6860,14.6740,2.6510,0.0000,80.0000,174.0000,182.0000
19.9790,15.0850,3.5740,0.0000,108.0000,146.0000,25.0000
19.7470,14.8060,3.3990,0.0000,103.0000,151.0000,25.0000
19.8690,14.9700,3.4350,0.0000,103.0000,151.0000,8.0000
19.5050,14.5360,2.6660,0.0000,81.0000,173.0000,8.0000
19.4860,14.5440,3.4270,0.0000,103.0000,151.0000,22.0000
19.3840,14.4250,2.8700,0.0000,87.0000,167.0000,7.0000
19.8690,15.0380,3.1920,0.0000,97.0000,157.0000,18.0000
19.5450,14.7000,3.0620,0.0000,93.0000,161.0000,36.0000
19.9800,15.2300,2.9480,0.0000,89.0000,165.0000,10.0000
19.8800,15.1100,2.7330,0.0000,83.0000,171.0000,7.0000
19.9460,15.2330,3.2160,0.0000,97.0000,157.0000,4.0000
19.6660,14.9290,3.1480,0.0000,95.0000,159.0000,123.0000
19.5480,14.8330,2.7330,0.0000,83.0000,171.0000,19.0000
19.9120,15.2780,2.6290,0.0000,80.0000,174.0000,10.0000
19.3100,14.5760,3.0670,0.0000,93.0000,161.0000,29.0000
19.3630,14.6430,2.7960,0.0000,85.0000,169.0000,35.0000
19.4450,14.7740,2.5690,0.0000,78.0000,176.0000,103.0000
19.6460,15.0370,2.6880,0.0000,82.0000,172.0000,52.0000
19.4750,14.8900,3.2490,0.0000,98.0000,156.0000,22.0000
19.4790,14.9130,3.0200,0.0000,91.0000,163.0000,32.0000
19.2540,14.6420,2.5760,0.0000,78.0000,176.0000,48.0000
19.4780,14.9810,2.4970,0.0000,76.0000,178.0000,75.0000
19.5800,15.1560,2.9920,0.0000,91.0000,163.0000,11.0000
19.5090,15.0930,3.4350,0.0000,103.0000,151.0000,11.0000
19.6510,15.2740,2.7810,0.0000,84.0000,170.0000,41.0000
19.1850,14.8020,2.9130,0.0000,88.0000,166.0000,48.0000
19.6080,15.3580,3.0050,0.0000,91.0000,163.0000,10.0000
19.3630,15.0770,3.8720,0.0000,117.0000,137.0000,28.0000
19.4670,15.2350,2.6340,0.0000,80.0000,174.0000,11.0000
19.0820,14.9850,2.9450,0.0000,89.0000,165.0000,20.0000
19.1150,15.0380,3.8350,0.0000,115.0000,139.0000,26.0000
19.2670,15.2300,3.4840,0.0000,105.0000,149.0000,73.0000
19.4060,15.4870,3.4920,0.0000,106.0000,148.0000,6.0000
19.0910,15.1620,3.2630,0.0000,98.0000,156.0000,40.0000
19.0720,15.4740,3.4700,0.0000,105.0000,149.0000,38.0000
19.0000,15.3840,3.1520,0.0000,95.0000,159.0000,14.0000
18.8660,15.2650,3.5140,0.0000,106.0000,148.0000,85.0000
19.0450,15.6100,3.3240,0.0000,100.0000,154.0000,15.0000
18.8320,15.3900,3.8510,0.0000,116.0000,138.0000,129.0000
18.8530,15.5050,3.4460,0.0000,104.0000,150.0000,71.0000
18.7620,15.4750,3.1760,0.0000,96.0000,158.0000,43.0000
18.7300,15.4600,3.6710,0.0000,111.0000,143.0000,35.0000
19.3630,14.4020,2.6110,0.0000,80.0000,174.0000,31.0000
19.3150,14.4460,3.5040,0.0000,106.0000,148.0000,71.0000
19.1690,14.2920,2.7540,0.0000,83.0000,171.0000,68.0000
19.0070,14.1780,2.3330,0.0000,71.0000,183.0000,3.0000
18.9710,14.1850,3.6350,0.0000,109.0000,145.0000,31.0000
19.0630,14.3030,2.9610,0.0000,90.0000,164.0000,14.0000
18.9330,14.2320,2.5330,0.0000,77.0000,177.0000,256.0000
18.8190,14.0940,2.3930,0.0000,73.0000,181.0000,14.0000
19.0460,14.3760,3.7790,0.0000,114.0000,140.0000,7.0000
19.1820,14.5430,3.6710,0.0000,111.0000,143.0000,48.0000
18.7690,14.0420,3.1960,0.0000,97.0000,157.0000,79.0000
18.6260,13.9040,3.1710,0.0000,96.0000,158.0000,42.0000
18.7310,14.0660,2.2130,0.0000,68.0000,186.0000,13.0000
18.5670,13.8720,3.4030,0.0000,103.0000,151.0000,21.0000
18.6340,13.9610,2.6690,0.0000,81.0000,173.0000,48.0000
19.1010,14.5360,2.4860,0.0000,76.0000,178.0000,243.0000
18.8550,14.2710,2.1520,0.0000,65.0000,189.0000,3.0000
18.7630,14.1750,3.3780,0.0000,102.0000,152.0000,13.0000
19.1140,14.6120,2.7530,0.0000,83.0000,171.0000,59.0000
19.1030,14.6160,3.0200,0.0000,91.0000,163.0000,12.0000
18.8620,14.3260,2.3600,0.0000,72.0000,182.0000,69.0000
18.4820,13.8850,2.9680,0.0000,90.0000,164.0000,46.0000
18.7530,14.2490,2.9980,0.0000,91.0000,163.0000,10.0000
18.8780,14.4070,2.7170,0.0000,83.0000,171.0000,77.0000
18.6180,14.1010,2.8810,0.0000,87.0000,167.0000,111.0000
18.3590,13.8100,3.4480,0.0000,104.0000,150.0000,51.0000
18.7020,14.2420,2.5460,0.0000,77.0000,177.0000,65535.0000
19.0850,14.7330,3.8630,0.0000,116.0000,138.0000,17.0000
18.6060,14.1540,2.3680,0.0000,72.0000,182.0000,14.0000
18.8440,14.4880,3.8000,0.0000,115.0000,139.0000,12.0000
18.9050,14.5730,2.5760,0.0000,78.0000,176.0000,16.0000
18.6690,14.3010,3.8470,0.0000,116.0000,138.0000,22.0000
18.6950,14.3420,2.7650,0.0000,84.0000,170.0000,56.0000
18.6780,14.3260,2.2730,0.0000,69.0000,185.0000,10.0000
18.0640,13.6030,3.3990,0.0000,103.0000,151.0000,182.0000
18.2600,13.8500,3.0470,0.0000,92.0000,162.0000,198.0000
17.9360,13.4730,3.5670,0.0000,108.0000,146.0000,176.0000
18.4240,14.0860,2.8200,0.0000,85.0000,169.0000,137.0000
18.2430,13.8610,2.7930,0.0000,85.0000,169.0000,222.0000
19.0220,14.8460,2.7920,0.0000,85.0000,169.0000,112.0000
18.0020,13.6030,3.8450,0.0000,116.0000,138.0000,11.0000
18.8820,14.7070,2.8340,0.0000,85.0000,169.0000,111.0000
18.7070,14.4930,2.4850,0.0000,76.0000,178.0000,89.0000
18.0850,13.7360,3.6830,0.0000,111.0000,143.0000,13.0000
18.2450,13.9360,3.6470,0.0000,110.0000,144.0000,190.0000
18.1290,13.7940,3.3540,0.0000,101.0000,153.0000,146.0000
18.3810,14.1100,3.0880,0.0000,94.0000,160.0000,106.0000
18.5960,14.3790,2.9500,0.0000,89.0000,165.0000,149.0000
18.7990,14.6460,3.4640,0.0000,104.0000,150.0000,67.0000
18.4050,14.1540,3.4150,0.0000,103.0000,151.0000,62.0000
18.2800,13.9990,3.3880,0.0000,102.0000,152.0000,76.0000
18.0330,13.6940,3.0870,0.0000,94.0000,160.0000,75.0000
18.7310,14.5650,2.9640,0.0000,90.0000,164.0000,31.0000
18.5530,14.3480,2.4300,0.0000,74.0000,180.0000,100.0000
18.5740,14.4010,3.4480,0.0000,104.0000,150.0000,177.0000
18.9480,14.8940,3.8380,0.0000,115.0000,139.0000,23.0000
18.3430,14.1400,3.6130,0.0000,109.0000,145.0000,123.0000
18.6780,14.5660,2.7230,0.0000,83.0000,171.0000,59.0000
18.9180,14.8810,3.0240,0.0000,91.0000,163.0000,59.0000
18.6280,14.5490,3.8600,0.0000,116.0000,138.0000,5.0000
18.4700,14.3510,3.7760,0.0000,114.0000,140.0000,16.0000
17.9290,13.6750,3.5440,0.0000,107.0000,147.0000,84.0000
17.7920,13.5050,3.4180,0.0000,103.0000,151.0000,22.0000
18.4010,14.2700,3.2300,0.0000,97.0000,157.0000,151.0000
18.7240,14.6740,3.1860,0.0000,96.0000,158.0000,83.0000
18.5560,14.4910,3.1910,0.0000,97.0000,157.0000,95.0000
18.8430,14.8670,3.4930,0.0000,106.0000,148.0000,49.0000
17.9390,13.7340,3.2700,0.0000,99.0000,155.0000,14.0000
18.4160,14.3700,3.0370,0.0000,92.0000,162.0000,17.0000
18.4390,14.4010,2.8180,0.0000,85.0000,169.0000,8.0000
18.7350,14.7740,2.6480,0.0000,80.0000,174.0000,4.0000
18.3910,14.3600,3.5910,0.0000,108.0000,146.0000,60.0000
18.5900,14.6110,3.4730,0.0000,105.0000,149.0000,135.0000
18.5240,14.5490,3.6630,0.0000,110.0000,144.0000,35.0000
17.9980,13.8880,3.5510,0.0000,107.0000,147.0000,62.0000
18.5100,14.5410,2.4920,0.0000,76.0000,178.0000,19.0000
18.6190,14.7110,2.4630,0.0000,75.0000,179.0000,91.0000
18.3580,14.4040,3.3760,0.0000,102.0000,152.0000,121.0000
18.2040,14.2110,3.2800,0.0000,99.0000,155.0000,107.0000
18.5800,14.6890,2.9170,0.0000,88.0000,166.0000,79.0000
17.9750,13.9400,3.3550,0.0000,101.0000,153.0000,233.0000
18.4730,14.5740,2.6990,0.0000,82.0000,172.0000,13.0000
18.6380,14.8410,3.4420,0.0000,104.0000,150.0000,214.0000
18.6920,14.9130,3.0010,0.0000,91.0000,163.0000,56.0000
18.2360,14.3390,2.8040,0.0000,85.0000,169.0000,11.0000
18.3610,14.5040,3.8540,0.0000,116.0000,138.0000,37.0000
18.2850,14.4490,3.1910,0.0000,97.0000,157.0000,5.0000
18.4590,14.6690,3.1180,0.0000,94.0000,160.0000,64.0000
18.4710,14.7090,3.8650,0.0000,116.0000,138.0000,83.0000
18.3610,14.5720,3.5320,0.0000,106.0000,148.0000,112.0000
18.3610,14.5780,2.9060,0.0000,88.0000,166.0000,42.0000
18.5950,14.9190,3.8180,0.0000,115.0000,139.0000,199.0000
18.1960,14.4160,3.5270,0.0000,106.0000,148.0000,32.0000
18.7230,15.0840,3.5200,0.0000,106.0000,148.0000,60.0000
18.4150,14.6950,3.3240,0.0000,100.0000,154.0000,26.0000
18.3750,14.6520,2.3890,0.0000,73.0000,181.0000,8.0000
18.4300,14.7600,3.6190,0.0000,109.0000,145.0000,56.0000
18.2010,14.5090,3.0100,0.0000,91.0000,163.0000,11.0000
18.4530,14.8310,2.8560,0.0000,86.0000,168.0000,5.0000
18.3310,14.6780,2.5950,0.0000,79.0000,175.0000,2.0000
18.6820,15.1440,3.8650,0.0000,116.0000,138.0000,137.0000
18.5720,15.0620,3.3790,0.0000,102.0000,152.0000,107.0000
18.7070,15.2600,3.6840,0.0000,111.0000,143.0000,44.0000
18.2150,14.6350,3.2850,0.0000,99.0000,155.0000,88.0000
18.6880,15.2400,3.3200,0.0000,100.0000,154.0000,21.0000
18.3890,14.8770,3.1890,0.0000,97.0000,157.0000,199.0000
18.2660,14.7200,3.0780,0.0000,93.0000,161.0000,40.0000
18.5050,15.0850,3.7400,0.0000,112.0000,142.0000,56.0000
18.6900,15.3810,3.4660,0.0000,105.0000,149.0000,19.0000
18.5310,15.2900,3.5860,0.0000,108.0000,146.0000,6.0000
18.0700,14.7010,3.0390,0.0000,92.0000,162.0000,3.0000
18.3310,15.0490,3.8670,0.0000,116.0000,138.0000,30.0000
18.1220,14.8200,3.2030,0.0000,97.0000,157.0000,17.0000
18.4630,15.2850,3.8420,0.0000,115.0000,139.0000,21.0000
18.4750,15.4070,3.4230,0.0000,103.0000,151.0000,0.0000
20.2910,15.0920,4.3970,0.0000,132.0000,122.0000,4.0000
20.1170,14.9090,4.9000,0.0000,147.0000,107.0000,39.0000
20.0320,14.8690,3.9230,0.0000,118.0000,136.0000,3.0000
19.9050,14.7570,4.7930,0.0000,144.0000,110.0000,27.0000
20.0810,15.0070,4.2920,0.0000,129.0000,125.0000,7.0000
19.9770,14.9900,4.7600,0.0000,143.0000,111.0000,9.0000
19.8910,14.8880,4.4350,0.0000,133.0000,121.0000,13.0000
19.6410,14.6370,4.7640,0.0000,143.0000,111.0000,93.0000
19.7050,14.8000,4.6620,0.0000,140.0000,114.0000,20.0000
20.0820,15.2560,4.6010,0.0000,139.0000,115.0000,9.0000
19.6850,14.8060,4.3620,0.0000,131.0000,123.0000,11.0000
19.4580,14.5450,4.7800,0.0000,144.0000,110.0000,74.0000
19.5490,14.6920,4.5680,0.0000,137.0000,117.0000,48.0000
19.7710,14.9920,4.6060,0.0000,139.0000,115.0000,13.0000
19.8110,15.0420,4.3300,0.0000,130.0000,124.0000,11.0000
19.3910,14.5490,4.4020,0.0000,133.0000,121.0000,109.0000
19.9170,15.1910,3.9880,0.0000,120.0000,134.0000,52.0000
19.4840,14.7440,4.0970,0.0000,124.0000,130.0000,91.0000
19.3090,14.5670,4.1350,0.0000,124.0000,130.0000,64.0000
19.2910,14.5880,4.5990,0.0000,138.0000,116.0000,53.0000
19.4720,14.8450,4.7620,0.0000,143.0000,111.0000,6.0000
19.6070,15.0560,4.8440,0.0000,145.0000,109.0000,4.0000
19.3480,14.9410,4.5130,0.0000,136.0000,118.0000,56.0000
19.5240,15.1570,4.4810,0.0000,135.0000,119.0000,138.0000
19.4680,15.0900,4.3010,0.0000,130.0000,124.0000,85.0000
19.1800,14.7670,4.3170,0.0000,130.0000,124.0000,45.0000
19.5560,15.2310,4.1670,0.0000,125.0000,129.0000,11.0000
19.2990,14.9960,4.0740,0.0000,123.0000,131.0000,40.0000
19.1950,14.9660,4.3550,0.0000,131.0000,123.0000,34.0000
19.0820,14.8940,4.0290,0.0000,121.0000,133.0000,64.0000
19.3860,15.2730,3.9900,0.0000,120.0000,134.0000,48.0000
19.4440,15.3580,4.4590,0.0000,134.0000,120.0000,178.0000
19.2130,15.1940,4.2820,0.0000,129.0000,125.0000,33.0000
19.0250,15.0020,4.7410,0.0000,142.0000,112.0000,67.0000
19.3420,15.4390,4.2970,0.0000,129.0000,125.0000,25.0000
19.4640,15.5930,4.2050,0.0000,127.0000,127.0000,118.0000
19.4580,15.5870,3.9570,0.0000,119.0000,135.0000,51.0000
18.9830,15.0180,4.2400,0.0000,127.0000,127.0000,21.0000
19.1800,15.2680,3.9120,0.0000,118.0000,136.0000,105.0000
19.2270,15.3440,4.1340,0.0000,124.0000,130.0000,50.0000
19.1010,15.2170,4.8540,0.0000,146.0000,108.0000,48.0000
18.9750,15.1130,3.9980,0.0000,121.0000,133.0000,35.0000
19.1970,15.4210,4.8090,0.0000,145.0000,109.0000,99.0000
19.0770,15.3560,4.4910,0.0000,135.0000,119.0000,115.0000
18.9050,15.1670,4.8140,0.0000,145.0000,109.0000,69.0000
19.0160,15.3090,4.6890,0.0000,141.0000,113.0000,167.0000
19.0240,15.3400,4.2140,0.0000,127.0000,127.0000,27.0000
19.0840,15.5660,4.5390,0.0000,136.0000,118.0000,91.0000
19.0690,15.5680,4.2000,0.0000,127.0000,127.0000,183.0000
18.8220,15.4000,4.6510,0.0000,140.0000,114.0000,23.0000
18.7250,15.4180,4.4230,0.0000,133.0000,121.0000,19.0000
18.6640,15.6280,4.0840,0.0000,123.0000,131.0000,152.0000
19.2970,14.3860,4.5210,0.0000,136.0000,118.0000,116.0000
19.2940,14.3860,4.2970,0.0000,129.0000,125.0000,18.0000
19.2670,14.3770,4.9580,0.0000,149.0000,105.0000,27.0000
19.1150,14.2090,5.0890,0.0000,153.0000,101.0000,10.0000
19.1320,14.2700,4.2740,0.0000,129.0000,125.0000,11.0000
19.1560,14.3240,4.7710,0.0000,143.0000,111.0000,105.0000
19.0650,14.2660,4.4850,0.0000,135.0000,119.0000,53.0000
18.8430,14.0380,4.9350,0.0000,148.0000,106.0000,62.0000
18.9130,14.2100,4.3110,0.0000,130.0000,124.0000,74.0000
18.8930,14.2170,5.0620,0.0000,152.0000,102.0000,20.0000
18.6700,13.9450,4.7590,0.0000,143.0000,111.0000,152.0000
19.0920,14.4880,4.9130,0.0000,148.0000,106.0000,56.0000
19.0710,14.4630,4.6530,0.0000,140.0000,114.0000,9.0000
18.9340,14.3120,4.8810,0.0000,147.0000,107.0000,122.0000
18.7700,14.1120,4.6900,0.0000,141.0000,113.0000,147.0000
18.8730,14.2440,3.9530,0.0000,119.0000,135.0000,89.0000
18.7360,14.1010,5.2100,0.0000,157.0000,97.0000,103.0000
18.4900,13.8300,4.4790,0.0000,135.0000,119.0000,84.0000
18.6370,14.0270,5.0330,0.0000,151.0000,103.0000,0.0000
18.8360,14.3040,5.3230,0.0000,160.0000,94.0000,83.0000
18.8860,14.3700,4.6630,0.0000,140.0000,114.0000,55.0000
19.0930,14.6260,4.5350,0.0000,136.0000,118.0000,70.0000
18.5840,13.9990,4.4060,0.0000,133.0000,121.0000,24.0000
19.0170,14.5340,4.2340,0.0000,127.0000,127.0000,35.0000
18.6290,14.0570,4.1410,0.0000,124.0000,130.0000,65.0000
18.5800,13.9970,3.9500,0.0000,119.0000,135.0000,59.0000
18.4660,13.8820,4.7250,0.0000,142.0000,112.0000,4.0000
18.7090,14.1980,4.8850,0.0000,147.0000,107.0000,132.0000
18.4540,13.9220,4.1770,0.0000,126.0000,128.0000,132.0000
18.5090,14.0100,5.1910,0.0000,156.0000,98.0000,31.0000
18.8240,14.4010,5.1020,0.0000,153.0000,101.0000,34.0000
18.6790,14.2280,4.2820,0.0000,129.0000,125.0000,105.0000
19.0080,14.6360,4.0620,0.0000,122.0000,132.0000,69.0000
18.5340,14.0620,4.8650,0.0000,146.0000,108.0000,15.0000
18.5170,14.0430,4.5920,0.0000,138.0000,116.0000,15.0000
18.8030,14.4340,4.2050,0.0000,127.0000,127.0000,26.0000
18.6320,14.2450,5.1160,0.0000,154.0000,100.0000,74.0000
18.8940,14.5760,4.4000,0.0000,133.0000,121.0000,71.0000
18.7330,14.3890,4.7970,0.0000,144.0000,110.0000,77.0000
18.5560,14.2050,4.7070,0.0000,142.0000,112.0000,77.0000
18.6520,14.3250,4.5500,0.0000,137.0000,117.0000,118.0000
18.3400,13.9390,4.3930,0.0000,132.0000,122.0000,12.0000
18.6460,14.3510,4.0870,0.0000,123.0000,131.0000,40.0000
18.4710,14.1490,4.2460,0.0000,127.0000,127.0000,54.0000
18.6860,14.4460,5.2760,0.0000,158.0000,96.0000,1.0000
18.4220,14.1460,5.0630,0.0000,152.0000,102.0000,5.0000
18.6540,14.4360,4.9950,0.0000,150.0000,104.0000,14.0000
18.5180,14.2670,4.9250,0.0000,148.0000,106.0000,117.0000
18.9310,14.7850,4.4820,0.0000,135.0000,119.0000,24.0000
18.7410,14.5510,4.0500,0.0000,122.0000,132.0000,182.0000
18.4740,14.2330,4.5190,0.0000,136.0000,118.0000,25.0000
18.6570,14.4620,4.3880,0.0000,132.0000,122.0000,99.0000
18.8920,14.8190,4.6760,0.0000,141.0000,113.0000,128.0000
18.5120,14.3470,4.2880,0.0000,129.0000,125.0000,67.0000
18.8390,14.7570,4.1200,0.0000,124.0000,130.0000,44.0000
18.3010,14.0980,4.5470,0.0000,136.0000,118.0000,8.0000
18.7270,14.6960,4.4000,0.0000,133.0000,121.0000,107.0000
18.3560,14.2460,4.7360,0.0000,142.0000,112.0000,10.0000
18.4700,14.4250,4.7190,0.0000,142.0000,112.0000,57.0000
18.4910,14.4560,4.0080,0.0000,121.0000,133.0000,11.0000
18.4620,14.4430,4.5140,0.0000,136.0000,118.0000,143.0000
18.5570,14.5640,4.2360,0.0000,127.0000,127.0000,167.0000
18.2850,14.2750,4.4360,0.0000,133.0000,121.0000,29.0000
18.3960,14.4400,4.9390,0.0000,148.0000,106.0000,0.0000
18.6710,14.8090,4.5580,0.0000,137.0000,117.0000,44.0000
18.5440,14.6490,4.5240,0.0000,136.0000,118.0000,121.0000
18.7600,14.9220,4.3970,0.0000,132.0000,122.0000,30.0000
18.3660,14.4270,4.1640,0.0000,125.0000,129.0000,10.0000
18.8700,15.0950,4.6210,0.0000,139.0000,115.0000,98.0000
18.7840,15.0190,4.1940,0.0000,126.0000,128.0000,156.0000
18.6060,14.8120,4.2380,0.0000,127.0000,127.0000,164.0000
18.2780,14.4280,4.6600,0.0000,140.0000,114.0000,21.0000
18.4630,14.6660,4.0700,0.0000,122.0000,132.0000,30.0000
18.7600,15.1250,4.3850,0.0000,132.0000,122.0000,156.0000
18.6670,15.0350,4.5750,0.0000,138.0000,116.0000,58.0000
18.3040,14.5910,4.7960,0.0000,144.0000,110.0000,7.0000
18.5320,14.9190,4.4520,0.0000,134.0000,120.0000,13.0000
18.5500,14.9740,4.1270,0.0000,124.0000,130.0000,8.0000
18.2380,14.6600,3.9820,0.0000,120.0000,134.0000,28.0000
18.3840,14.8630,4.0420,0.0000,121.0000,133.0000,33.0000
18.5480,15.1070,4.3160,0.0000,130.0000,124.0000,61.0000
18.7070,15.3140,3.9880,0.0000,120.0000,134.0000,55.0000
18.5600,15.1720,4.0410,0.0000,121.0000,133.0000,31.0000
18.3760,15.0000,4.2560,0.0000,128.0000,126.0000,21.0000
18.6020,15.3950,4.2210,0.0000,127.0000,127.0000,13.0000
18.3810,15.2620,4.1060,0.0000,124.0000,130.0000,1.0000
18.9740,10.9990,3.6930,0.0000,112.0000,142.0000,10.0000
18.9530,11.1380,3.2460,0.0000,98.0000,156.0000,7.0000
18.8080,11.0770,3.7770,0.0000,114.0000,140.0000,17.0000
18.8090,11.1230,3.5040,0.0000,106.0000,148.0000,2.0000
18.6320,11.0670,3.6640,0.0000,110.0000,144.0000,9.0000
18.8130,11.2700,3.3430,0.0000,101.0000,153.0000,58.0000
18.8590,11.3510,3.5900,0.0000,108.0000,146.0000,8.0000
18.7660,11.2860,3.8160,0.0000,115.0000,139.0000,31.0000
18.6710,11.2550,3.6050,0.0000,109.0000,145.0000,8.0000
18.7880,11.4200,3.1990,0.0000,97.0000,157.0000,16.0000
18.6820,11.4140,3.3890,0.0000,102.0000,152.0000,35.0000
18.5170,11.2600,3.3310,0.0000,100.0000,154.0000,20.0000
18.5490,11.3170,3.7610,0.0000,113.0000,141.0000,15.0000
18.5640,11.3400,3.1390,0.0000,95.0000,159.0000,13.0000
18.6450,11.5000,3.7070,0.0000,112.0000,142.0000,18.0000
18.4980,11.4230,3.5880,0.0000,108.0000,146.0000,13.0000
18.5110,11.4720,3.2830,0.0000,99.0000,155.0000,26.0000
18.6210,11.6380,3.4040,0.0000,103.0000,151.0000,94.0000
18.3510,11.3570,3.8290,0.0000,115.0000,139.0000,20.0000
18.3560,11.3920,3.4470,0.0000,104.0000,150.0000,42.0000
18.4340,11.4840,3.0850,0.0000,93.0000,161.0000,15.0000
18.4680,11.5330,3.8160,0.0000,115.0000,139.0000,66.0000
18.5590,11.6730,3.1850,0.0000,96.0000,158.0000,13.0000
18.5450,11.6790,3.6950,0.0000,112.0000,142.0000,11.0000
18.4270,11.5920,3.4740,0.0000,105.0000,149.0000,123.0000
18.2570,11.4230,3.6520,0.0000,110.0000,144.0000,25.0000
18.3050,11.4810,3.2420,0.0000,98.0000,156.0000,23.0000
18.4400,11.7260,3.0280,0.0000,91.0000,163.0000,143.0000
18.5280,11.8570,3.4080,0.0000,103.0000,151.0000,103.0000
18.2610,11.5720,3.8320,0.0000,115.0000,139.0000,35.0000
18.2100,11.5320,3.4560,0.0000,104.0000,150.0000,38.0000
18.3620,11.7080,3.2120,0.0000,97.0000,157.0000,38.0000
18.3190,11.6880,3.6580,0.0000,110.0000,144.0000,6.0000
18.4650,11.8570,3.6390,0.0000,109.0000,145.0000,6.0000
18.2860,11.7260,3.4210,0.0000,103.0000,151.0000,24.0000
18.4450,11.9120,3.1600,0.0000,95.0000,159.0000,112.0000
18.2370,11.6980,3.0460,0.0000,92.0000,162.0000,18.0000
18.0940,11.5440,3.6490,0.0000,110.0000,144.0000,55.0000
18.1640,11.6600,3.2390,0.0000,98.0000,156.0000,32.0000
18.0120,11.5230,3.4240,0.0000,103.0000,151.0000,13.0000
18.3190,11.8830,3.0000,0.0000,91.0000,163.0000,149.0000
18.3180,11.9110,3.3380,0.0000,100.0000,154.0000,153.0000
18.1820,11.7740,3.8330,0.0000,115.0000,139.0000,39.0000
18.3140,11.9760,3.7740,0.0000,114.0000,140.0000,123.0000
18.1010,11.7300,3.5150,0.0000,106.0000,148.0000,116.0000
18.1870,11.8620,2.8450,0.0000,86.0000,168.0000,22.0000
18.1780,11.8660,3.1540,0.0000,95.0000,159.0000,74.0000
18.3280,12.0730,3.2140,0.0000,97.0000,157.0000,52.0000
17.9250,11.6250,3.5790,0.0000,108.0000,146.0000,10.0000
18.1140,11.8920,3.6760,0.0000,111.0000,143.0000,17.0000
18.2760,12.1100,3.4760,0.0000,105.0000,149.0000,67.0000
18.2470,12.0810,2.9260,0.0000,88.0000,166.0000,94.0000
17.9620,11.7890,3.7720,0.0000,114.0000,140.0000,9.0000
18.2950,12.1800,3.7390,0.0000,112.0000,142.0000,137.0000
18.0370,11.8830,3.0110,0.0000,91.0000,163.0000,26.0000
17.9190,11.8150,3.4770,0.0000,105.0000,149.0000,29.0000
18.0830,12.0320,3.8230,0.0000,115.0000,139.0000,115.0000
18.0410,11.9880,3.2420,0.0000,98.0000,156.0000,11.0000
18.1170,12.0890,3.6290,0.0000,109.0000,145.0000,75.0000
18.0320,11.9900,3.4450,0.0000,104.0000,150.0000,68.0000
18.1650,12.1480,3.3110,0.0000,100.0000,154.0000,15.0000
18.1290,12.1390,3.1040,0.0000,94.0000,160.0000,32.0000
18.1760,12.2720,2.9380,0.0000,89.0000,165.0000,12.0000
18.0860,12.2800,3.4900,0.0000,105.0000,149.0000,70.0000
18.0250,12.2370,3.8250,0.0000,115.0000,139.0000,7.0000
18.0840,12.3130,3.2000,0.0000,97.0000,157.0000,38.0000
17.9410,12.1670,3.4110,0.0000,103.0000,151.0000,35.0000
17.9260,12.1510,3.1520,0.0000,95.0000,159.0000,21.0000
17.9430,12.2160,3.6430,0.0000,110.0000,144.0000,11.0000
18.0960,12.4790,3.0860,0.0000,93.0000,161.0000,21.0000
18.0060,12.4110,3.6490,0.0000,110.0000,144.0000,133.0000
17.8960,12.5820,3.4630,0.0000,104.0000,150.0000,12.0000
17.9570,12.7160,3.7140,0.0000,112.0000,142.0000,12.0000
17.8070,12.7820,3.4580,0.0000,104.0000,150.0000,24.0000
17.6890,12.9310,3.6300,0.0000,109.0000,145.0000,7.0000
17.7130,13.1320,3.6160,0.0000,109.0000,145.0000,6.0000
18.9810,11.0750,4.1850,0.0000,126.0000,128.0000,25.0000
18.9270,11.0650,3.9530,0.0000,119.0000,135.0000,7.0000
18.7830,11.0470,4.1740,0.0000,126.0000,128.0000,31.0000
18.7000,10.9980,3.9880,0.0000,120.0000,134.0000,4.0000
18.8250,11.1890,4.3240,0.0000,130.0000,124.0000,8.0000
18.7630,11.2400,4.0950,0.0000,123.0000,131.0000,95.0000
18.5840,11.0650,4.2810,0.0000,129.0000,125.0000,36.0000
18.5080,11.0280,4.0800,0.0000,123.0000,131.0000,13.0000
18.6330,11.1940,3.9460,0.0000,119.0000,135.0000,7.0000
18.6700,11.3200,4.3030,0.0000,130.0000,124.0000,155.0000
18.5280,11.2180,4.1620,0.0000,125.0000,129.0000,26.0000
18.6630,11.4200,3.9350,0.0000,118.0000,136.0000,90.0000
18.4710,11.3160,3.9890,0.0000,120.0000,134.0000,15.0000
18.6170,11.4790,4.1810,0.0000,126.0000,128.0000,99.0000
18.6130,11.5030,4.5050,0.0000,136.0000,118.0000,22.0000
18.6500,11.6910,4.6820,0.0000,141.0000,113.0000,18.0000
18.5550,11.6140,4.0410,0.0000,121.0000,133.0000,21.0000
18.5900,11.6680,4.3920,0.0000,132.0000,122.0000,24.0000
18.2900,11.5040,4.0670,0.0000,122.0000,132.0000,49.0000
18.5060,11.7770,4.5380,0.0000,136.0000,118.0000,60.0000
18.4490,11.7620,3.9490,0.0000,119.0000,135.0000,23.0000
18.3860,11.7600,4.1780,0.0000,126.0000,128.0000,190.0000
18.4770,11.9400,4.4060,0.0000,133.0000,121.0000,88.0000
18.2420,11.6960,4.0220,0.0000,121.0000,133.0000,65.0000
18.4310,12.0380,3.9450,0.0000,119.0000,135.0000,160.0000
18.0500,11.6370,4.0040,0.0000,121.0000,133.0000,20.0000
18.1430,11.8940,3.9960,0.0000,121.0000,133.0000,131.0000
18.2050,12.0720,4.0690,0.0000,122.0000,132.0000,38.0000
17.9440,11.8830,3.9490,0.0000,119.0000,135.0000,16.0000
18.0000,12.0220,4.1100,0.0000,124.0000,130.0000,8.0000
21.0960,12.4860,6.0650,0.0000,182.0000,72.0000,43.0000
21.0130,12.4740,6.2880,0.0000,188.0000,66.0000,7.0000
21.0460,12.5420,6.4770,0.0000,194.0000,60.0000,1.0000
21.2180,12.7550,6.1900,0.0000,186.0000,68.0000,35.0000
21.0040,12.6480,6.1410,0.0000,184.0000,70.0000,14.0000
20.8690,12.5020,6.0490,0.0000,181.0000,73.0000,39.0000
21.1560,12.8880,6.4400,0.0000,192.0000,62.0000,125.0000
21.2750,13.0170,6.3050,0.0000,189.0000,65.0000,1.0000
20.8820,12.6170,6.5850,0.0000,197.0000,57.0000,0.0000
20.9970,12.7420,6.4670,0.0000,194.0000,60.0000,22.0000
20.8230,12.5550,6.4020,0.0000,192.0000,62.0000,14.0000
21.0310,12.8280,6.2770,0.0000,188.0000,66.0000,25.0000
20.6790,12.4890,6.1490,0.0000,184.0000,70.0000,71.0000
20.9160,12.8530,6.6460,0.0000,199.0000,55.0000,7.0000
21.1890,13.1810,5.9670,0.0000,179.0000,75.0000,21.0000
20.8130,12.8450,6.4590,0.0000,193.0000,61.0000,46.0000
20.6400,12.7330,6.4260,0.0000,192.0000,62.0000,92.0000
20.6830,12.7820,6.2280,0.0000,186.0000,68.0000,95.0000
20.4940,12.6630,6.2370,0.0000,186.0000,68.0000,164.0000
20.6710,12.9940,6.4470,0.0000,193.0000,61.0000,4.0000
20.4380,12.7870,6.4000,0.0000,192.0000,62.0000,1.0000
20.4290,12.7790,6.0730,0.0000,182.0000,72.0000,74.0000
20.6910,13.1120,6.2180,0.0000,186.0000,68.0000,128.0000
20.7850,13.2750,6.3290,0.0000,189.0000,65.0000,42.0000
20.4450,12.9490,6.2010,0.0000,186.0000,68.0000,50.0000
20.4360,12.9820,6.4530,0.0000,193.0000,61.0000,9.0000
20.5440,13.1340,6.3530,0.0000,190.0000,64.0000,54.0000
20.6370,13.2810,6.4650,0.0000,193.0000,61.0000,8.0000
20.2580,13.0470,6.3890,0.0000,191.0000,63.0000,87.0000
20.3850,13.1900,6.2040,0.0000,186.0000,68.0000,159.0000
20.5490,13.3740,6.2170,0.0000,186.0000,68.0000,63.0000
20.9180,13.8950,6.1220,0.0000,183.0000,71.0000,24.0000
20.4190,13.3490,6.3970,0.0000,192.0000,62.0000,101.0000
20.3240,13.3820,6.0930,0.0000,183.0000,71.0000,85.0000
20.4290,13.5500,6.1440,0.0000,184.0000,70.0000,48.0000
20.6190,13.9230,6.3870,0.0000,191.0000,63.0000,3.0000
20.4110,13.7660,6.1890,0.0000,185.0000,69.0000,38.0000
20.4060,13.8040,6.4420,0.0000,193.0000,61.0000,1.0000
20.5230,14.0810,6.2930,0.0000,189.0000,65.0000,18.0000
20.0980,13.6710,6.3530,0.0000,190.0000,64.0000,165.0000
20.5980,14.2490,5.9690,0.0000,179.0000,75.0000,59.0000
20.2970,13.9150,6.5770,0.0000,197.0000,57.0000,5.0000
20.1870,13.8510,6.4210,0.0000,192.0000,62.0000,10.0000
20.3030,14.0040,6.2080,0.0000,186.0000,68.0000,36.0000
20.1050,13.7770,5.9990,0.0000,180.0000,74.0000,100.0000
20.2990,14.1140,6.4770,0.0000,194.0000,60.0000,19.0000
20.2350,14.1200,6.0040,0.0000,180.0000,74.0000,54.0000
20.0580,13.9910,6.4840,0.0000,194.0000,60.0000,1.0000
20.2850,14.2580,6.1940,0.0000,186.0000,68.0000,28.0000
20.0050,14.0390,6.0800,0.0000,182.0000,72.0000,146.0000
20.0580,14.1800,6.3670,0.0000,191.0000,63.0000,24.0000
20.1070,14.2570,6.0990,0.0000,183.0000,71.0000,49.0000
20.6470,12.2640,5.9940,0.0000,180.0000,74.0000,17.0000
20.4650,12.2580,6.0780,0.0000,182.0000,72.0000,55.0000
20.5580,12.4920,6.3410,0.0000,190.0000,64.0000,35.0000
20.4700,12.4720,6.1560,0.0000,184.0000,70.0000,45.0000
20.4980,12.5780,6.5380,0.0000,195.0000,59.0000,19.0000
20.3580,12.4410,6.3360,0.0000,189.0000,65.0000,12.0000
20.2880,12.3660,6.0860,0.0000,182.0000,72.0000,29.0000
20.3100,12.5980,6.1760,0.0000,185.0000,69.0000,8.0000
20.0930,12.4350,6.0500,0.0000,181.0000,73.0000,28.0000
20.2240,12.7050,6.0260,0.0000,180.0000,74.0000,41.0000
20.2740,12.8030,6.2350,0.0000,186.0000,68.0000,99.0000
20.0590,12.6240,6.1430,0.0000,184.0000,70.0000,5.0000
20.2390,12.9760,6.1340,0.0000,183.0000,71.0000,95.0000
20.0870,12.8560,6.2880,0.0000,188.0000,66.0000,69.0000
20.0360,12.8760,6.0760,0.0000,182.0000,72.0000,79.0000
20.0490,13.0420,6.3770,0.0000,191.0000,63.0000,6.0000
20.0960,13.1240,6.1390,0.0000,184.0000,70.0000,249.0000
19.9270,13.0090,6.1940,0.0000,186.0000,68.0000,4.0000
19.7250,12.8300,6.0160,0.0000,180.0000,74.0000,11.0000
19.9620,13.2030,6.2840,0.0000,188.0000,66.0000,8.0000
19.8010,13.1140,6.0740,0.0000,182.0000,72.0000,51.0000
20.0040,13.4050,6.3410,0.0000,190.0000,64.0000,246.0000
19.8660,13.3440,6.1170,0.0000,183.0000,71.0000,100.0000
19.6800,13.2670,6.2240,0.0000,186.0000,68.0000,50.0000
19.5650,13.1880,6.0760,0.0000,182.0000,72.0000,11.0000
19.6770,13.4210,6.0650,0.0000,182.0000,72.0000,88.0000
19.4870,13.3270,6.3080,0.0000,189.0000,65.0000,27.0000
19.7210,13.6470,6.0130,0.0000,180.0000,74.0000,71.0000
19.4520,13.3650,6.0870,0.0000,182.0000,72.0000,73.0000
19.5310,13.5620,6.2520,0.0000,187.0000,67.0000,26.0000
19.4400,13.6160,6.0820,0.0000,182.0000,72.0000,10.0000
